Specific Gravity;Pressure (psia);Hydrate Temperature (K)
0.761791681;2698.844664;296.8420285
0.668342084;2276.003169;294.1507088
0.611411069;2144.791765;292.6519191
0.5900522;1573.007113;290.3769707
0.603406533;632.7705679;285.0285149
0.514437213;199.7824817;275.1841583
0.735665349;1002.577051;290.4708705
0.968179905;723.3359115;291.9285874
0.965323108;2110.623859;298.5288605
0.992720055;1178.117565;295.3589734
0.956429431;1353.48346;295.730305
0.56881525;2216.208566;291.907288
0.548802623;1664.825427;289.7822863
0.752720276;665.4814529;288.1575139
0.516292885;1661.983518;288.99061
0.812707552;513.8424097;287.4317645
0.751715438;2234.685604;295.5776988
0.91781027;2060.320293;297.7207055
0.986505253;2040.855929;298.6164112
0.502678717;1709.695681;288.8149485
0.901829596;1323.330579;294.8242592
0.793655765;1271.455965;292.918192
0.674274465;1754.616133;292.7447028
0.680063051;2101.322872;293.9135458
0.551995609;877.8180685;285.9804193
0.81203386;2618.061952;297.5069158
0.55155134;1880.9261;290.5608806
0.770938541;2454.942082;296.4534634
0.777110359;921.8189431;290.6488238
0.705873912;357.9157724;283.2020925
0.798903657;290.1757709;283.2891641
0.526823918;1431.142592;288.3645942
0.909424209;231.9521946;283.3045243
0.912780882;217.6432938;282.8848146
0.812181748;806.666492;290.3692526
0.766024567;245.0612121;281.5589022
0.75471225;576.7925001;287.2567069
0.605282654;484.1903391;283.3168131
0.69505707;1560.249737;292.4395512
0.841889372;974.7595161;292.0321467
0.880672628;664.1626963;290.1525069
0.712904494;1264.68562;291.4986849
0.959829353;1473.400577;296.2961947
0.595081541;842.4644762;286.6751008
0.891746503;1308.437502;294.6082052
0.83886644;674.8383712;289.6328945
0.713989683;1655.22639;293.14026
0.852177879;1590.17909;295.2022336
0.675633722;235.9061602;279.7266309
0.628305977;202.9846035;277.7446158
0.733264764;1462.527844;292.743778
0.560726878;2162.604497;291.5815483
0.548453142;1904.593465;290.5612635
0.698242588;1050.558409;290.0911243
0.726457728;2232.661678;295.1259346
0.748008816;782.5201161;289.1202037
0.903291116;677.0104414;290.6033657
0.825237738;1977.115887;296.0809574
0.505808721;2440.057153;290.9437835
0.536739914;2595.550107;292.0592903
0.622270889;981.0003616;288.193221
0.803184426;1168.536108;292.5536357
0.898438356;590.1772477;289.632113
0.516960722;2123.074049;290.4293506
0.51723191;291.7915246;277.9321333
0.737419173;1396.865936;292.5394097
0.901634712;753.7318618;291.277089
0.88392244;791.2366175;291.3344187
0.696893402;2580.095605;295.4178609
0.622182699;2254.860589;293.1672479
0.99039782;1409.687323;296.4369714
0.591168591;979.3075195;287.5296598
0.635055047;1433.053315;290.7656773
0.714290493;1395.040394;292.1194505
0.93066738;1612.376568;296.4387052
0.502067773;2277.855616;290.4568441
0.633128842;2506.190585;294.0006034
0.644962724;463.5232601;283.8230456
0.898563339;2306.816839;298.1059154
0.846415735;1489.523215;294.718733
0.701215948;2057.44211;294.1888539
0.554389572;280.8691509;278.520359
0.76384963;579.2354741;287.4374719
0.982763702;2681.0264;300.1666609
0.995781523;1048.294674;294.6681079
0.5876808;1152.970537;288.4571898
0.515141681;2064.611694;290.2234047
0.620666656;758.2784929;286.5438251
0.639076584;2371.619351;293.8056843
0.918971722;1153.768221;294.2224655
0.771168909;1542.863659;293.7194346
0.865002784;1337.969904;294.3484239
0.692067101;1683.434956;292.8366212
0.535259746;835.7238255;285.2845992
0.609051128;2287.189095;292.97272
0.881121701;548.6009126;288.8983204
0.780802926;888.8991344;290.4802227
0.629269103;1473.911586;290.8164028
0.50492985;283.0921131;277.4263195
0.960892912;1966.43358;298.0486111
0.878235606;891.1523284;292.0111327
0.98887927;1009.65076;294.3406842
0.99899004;766.8256497;292.7128499
0.701841545;2241.618806;294.6994965
0.515304888;984.015202;285.8177301
0.914171575;478.2005839;288.4472251
0.751871351;496.708814;286.2182509
0.80150802;2200.971257;296.3286523
0.525518722;216.4849568;276.0219271
0.939894799;182.7341341;281.9533874
0.521383987;2404.947306;291.2519163
0.779930149;1601.00565;294.0884345
0.585595443;2210.01182;292.2667889
0.901971992;203.8916819;282.2550809
0.721963782;1084.694073;290.7182384
0.809655368;2111.642654;296.2186274
0.956965611;1784.783983;297.4159874
0.870579104;858.5566224;291.6609509
0.787688576;1436.621101;293.5641542
0.831376521;2314.91447;297.1033701
0.993130728;941.9594597;293.9568267
0.863660985;199.4828751;281.5522437
0.928056857;1907.346359;297.4092082
0.640862483;1599.473776;291.5391492
0.809192339;2295.202519;296.6983624
0.952991913;1782.395921;297.3532272
0.601326483;1469.552078;290.2150311
0.55300381;2133.612927;291.324997
0.502440994;2295.676461;290.5108511
0.67435937;1147.380972;290.1881022
0.964387271;829.8120557;292.7657402
0.524648063;741.7583677;284.2825303
0.774064479;716.2674923;288.9901708
0.957708671;2425.931867;299.242361
0.809202949;534.599056;287.6406412
0.704622205;1055.977465;290.239734
0.515535327;2096.499111;290.3214498
0.779802159;1394.966294;293.2551582
0.888439784;2619.407951;298.695596
0.90629093;1388.177547;295.1816812
0.849077831;2200.429323;297.0838818
0.848248873;1628.023119;295.2834097
0.639429915;2593.669629;294.3254663
0.865994616;2003.163108;296.7903566
0.5305835;722.2952718;284.2557011
0.932074794;2648.437768;299.3935945
0.566838414;1231.257299;288.3955603
0.592866111;393.8681977;281.6755156
0.914028874;1225.748152;294.5275071
0.891949055;1186.453431;294.0075687
0.910075367;1644.259325;296.26353
0.57765721;1712.762602;290.6070473
0.922966153;2125.757659;297.9790999
0.836517533;2233.173367;296.9745241
0.693036951;603.4416351;286.4709136
0.544936547;2169.427093;291.2314939
0.91909133;2392.455732;298.6170177
0.812461556;2256.390606;296.6518523
0.731875549;1446.614386;292.6532475
0.955188712;2660.255216;299.7439733
0.981198394;1318.910658;295.9056686
0.979548531;1959.733408;298.2819021
0.689292552;1810.763477;293.2162105
0.827629691;1629.402409;294.9672611
0.564449512;2448.26108;292.3779888
0.630303797;1660.151955;291.5458578
0.808598801;2545.135597;297.288191
0.761446557;1978.637906;295.0337431
0.695440123;2588.713824;295.4096889
0.68997753;1692.279539;292.8285682
0.513058646;950.1552904;285.5468584
0.992411131;1148.083145;295.1938879
0.861463171;1738.191244;295.8780921
0.668010289;974.7836952;289.0592164
0.704697908;366.3271129;283.3408769
0.843891801;2507.177366;297.7635035
0.826484873;992.4044613;291.9063656
0.575904694;533.655499;283.3342939
0.811677578;483.5827091;287.0092302
0.745188327;677.4484596;288.1448423
0.721023247;595.274135;286.8838394
0.97018332;188.7586143;282.5923084
0.891218118;1808.588961;296.5602224
0.955614612;421.9658172;288.160812
0.786300649;380.9439128;284.9867982
0.782445258;1972.799934;295.371562
0.990611256;2193.051615;299.0969
0.945168229;1374.541654;295.6701146
0.970837106;241.4989417;284.4188086
0.525148425;767.6558476;284.5110381
0.696267388;2239.892182;294.5911063
0.56355167;173.9327407;275.2829576
0.686054946;1875.303366;293.3614707
0.783111804;1462.14456;293.5950478
0.885599683;1349.858268;294.7091406
0.711662557;1775.905925;293.5157619
0.761529445;1225.090338;292.155828
0.774743363;1146.77306;291.9714865
0.948986678;1590.017299;296.6099342
0.817753748;760.5124966;290.0793295
0.81232338;2085.425411;296.1884006
0.50482866;1151.749389;286.5183481
0.846043287;758.0550599;290.4951806
0.587482766;1245.809312;288.9234266
0.557986125;826.1419753;285.7375005
0.983670027;588.4808051;290.776414
0.902265813;1005.871655;293.1261242
0.853461506;2611.49214;298.1479124
0.78657092;1796.365975;294.8860206
0.875098475;1469.241997;295.0702806
0.882759719;1699.070553;296.0614435
0.549297887;2388.32049;291.8849949
0.83211334;236.4523383;282.332787
0.859449027;2261.0644;297.4026008
0.841829636;2449.394891;297.5960973
0.747244787;1102.69462;291.2630659
0.701569701;326.8050867;282.4968276
0.50568535;1398.036728;287.7035379
0.736040407;586.6249964;287.0495739
0.573558551;818.6922796;286.0286939
0.640874552;2044.559271;292.9837259
0.774854428;714.4033792;288.9863975
0.796266712;2513.76083;297.0145502
0.90791256;269.7991654;284.3764018
0.683491911;361.036115;282.8583812
0.745321972;200.6075962;279.7642961
0.624231291;2212.974394;293.101659
0.545295558;297.2341281;278.7107914
0.850478577;2432.008579;297.6893053
0.828295309;449.7758751;286.7776684
0.656694855;766.7694411;287.3307599
0.512096685;2501.672769;291.2442991
0.930408115;2083.085143;297.9652457
0.787678501;2687.063655;297.2559978
0.626313441;225.1031502;278.4539702
0.830718133;1346.719803;293.8621641
0.521524854;2405.106401;291.2557729
0.654388981;2570.062129;294.5744271
0.890693292;2590.298923;298.6643828
0.970934483;2418.999652;299.407226
0.625495169;1259.409658;289.7916729
0.517117493;330.2280339;278.7820722
0.724895352;1789.571381;293.8004436
0.895259042;719.8605592;290.8879744
0.774383179;239.007048;281.5138679
0.513081343;2317.061081;290.8331693
0.805814086;1948.759251;295.6839391
0.870463647;2112.760928;297.1721006
0.708329936;1718.472884;293.2599969
0.751931317;1584.405748;293.5508192
0.967100746;2327.974779;299.1302817
0.755026609;315.4124137;283.1681534
0.566288027;2009.448125;291.2842811
0.666466186;1253.152933;290.5757664
0.644741449;1226.760151;290.0206691
0.861302766;2336.863193;297.6235178
0.898840643;2508.334615;298.5981698
0.592591529;686.5149712;285.3244024
0.573292488;1341.348061;289.0565549
0.894737551;634.7646693;290.0592475
0.68031348;1063.046969;289.8306322
0.634063257;921.7696227;288.0448826
0.884456644;827.788928;291.631866
0.732368491;147.2270241;277.2369754
0.983588732;2452.80482;299.6598959
0.847349898;1828.180391;295.9629912
0.627325245;1922.45679;292.3478578
0.5905941;1077.740421;288.1075378
0.926895486;800.1849075;292.0191883
0.700520828;1703.733485;293.0651142
0.919785706;2025.891153;297.6493307
0.695723133;575.0996271;286.2052247
0.978340503;622.5310409;291.0791404
0.978924838;787.516721;292.6224659
0.934007769;1272.811537;295.042129
0.866457594;2206.484173;297.3663699
0.900870265;587.2036245;289.6333177
0.671057983;1288.07496;290.8311398
0.791032335;2043.091238;295.7202346
0.639130476;1766.728527;292.0929562
0.963531229;2226.566903;298.8197476
0.521073255;160.4755975;273.7361162
0.938764577;201.6076339;282.6712019
0.599490962;834.5977316;286.7097763
0.646761099;1137.23589;289.597821
0.989050211;1506.981556;296.8269241
0.841726338;342.3004642;285.1054684
0.59258256;424.0488099;282.1669629
0.876464754;2338.047543;297.8562893
0.698183057;2475.452368;295.2043397
0.834671984;2151.719654;296.7279496
0.74582555;1086.38102;291.1463016
0.982592886;1119.075168;294.9042292
0.994022366;949.7606425;294.0209039
0.824090417;966.801159;291.7047201
0.830753525;1151.760151;292.9012013
0.889267114;1266.748045;294.3728244
0.55432797;2625.751193;292.5416726
0.955050696;883.0531868;293.0379072
0.500400078;491.7139812;281.043476
0.768204455;218.6452379;280.7688164
0.944195121;1337.686049;295.4898529
0.615778701;2294.54234;293.1335872
0.518769331;976.2427921;285.8536528
0.917563043;2391.828132;298.5935056
0.622083186;942.9000517;287.9432088
0.828826918;1765.133095;295.4648507
0.689423077;1017.658913;289.7307563
0.575033529;2357.505472;292.4024387
0.830308872;204.7201978;281.2532762
0.843115285;908.0468811;291.6035039
0.728122353;2528.733892;295.8756831
0.507795268;176.7194435;274.1338559
0.689422093;1983.673839;293.7547507
0.863268276;1277.263735;294.0375458
0.891552646;1872.156934;296.7710443
0.956873106;696.513246;291.5306939
0.552684164;1467.04836;289.1241006
0.624373925;1383.53803;290.3364337
0.908140315;1642.775661;296.2302007
0.554931305;317.9178716;279.3922848
0.980633059;1759.889157;297.6532081
0.50785998;1094.87098;286.2866914
0.610093255;2372.903348;293.2062494
0.612123893;1953.239278;292.1235336
0.874923921;1851.907271;296.4593011
0.8344792;1653.632225;295.163407
0.545263987;875.3490521;285.8076999
0.697967976;1277.588121;291.287619
0.942319032;1828.788723;297.3589155
0.698489611;960.3082998;289.5368337
0.799503311;1754.898741;294.9598462
0.884234724;1154.277663;293.7241654
0.818425671;1981.973769;295.9869046
0.652868376;1427.65385;291.0990005
0.601357702;1401.801055;289.9331894
0.729380265;2373.941586;295.5340159
0.796803057;2250.872247;296.3823288
0.50649327;1838.416832;289.3348702
0.660206853;1842.148146;292.7587288
0.931699368;1353.225078;295.3866586
0.987714261;2404.10112;299.5980755
0.698136017;2393.809751;295.0103362
0.872703151;1944.111107;296.7145548
0.834992194;2328.649628;297.1948772
0.871808875;1963.511725;296.7599242
0.820184184;1989.108646;296.0362074
0.602613363;1031.982505;288.0974272
0.573026478;215.4102066;277.0447648
0.561237866;2699.808722;292.8594714
0.711691634;1474.209349;292.4052357
0.650037838;2447.783149;294.2083817
0.698727632;455.1222916;284.7073482
0.753068811;799.6686472;289.3447851
0.56017659;2677.348068;292.7877035
0.547087013;939.2429227;286.2876059
0.955814385;2488.925295;299.3657262
0.659020112;2455.145004;294.4042644
0.565933211;668.7600219;284.5765045
0.734010825;342.3930869;283.3857517
0.5798835;2437.829613;292.702687
0.990036041;2015.882149;298.5904864
0.831326529;2250.154318;296.9370317
0.557029298;1923.158719;290.8171833
0.644110263;1687.09343;291.9207728
0.726443905;1001.46171;290.3019104
0.971723713;902.888112;293.4040827
0.520111135;148.9360469;273.1581251
0.60348255;935.7342884;287.5093889
0.837336648;610.2220232;288.9511175
0.658450154;1430.356053;291.2200053
0.723452679;1358.663893;292.1241525
0.828517393;198.7051533;281.0065203
0.532040182;405.3296459;280.5228205
0.527496939;1202.820125;287.3383362
0.960272087;2006.254647;298.1591994
0.531810489;1113.693251;286.9746908
0.621367131;2166.910338;292.9204618
0.589649057;884.8692254;286.8663487
0.545256506;692.7456003;284.333282
0.635395025;1958.897524;292.6229469
0.914407581;1201.587083;294.4096934
0.593310507;2553.755763;293.2642593
0.608063271;1270.078364;289.4806851
0.683524794;869.3918667;288.6359939
0.598900463;2694.459961;293.6907888
0.592588227;331.1393922;280.4859815
0.732048558;1358.73915;292.2771503
0.86100939;1664.557475;295.6118419
0.648176272;251.9875247;279.6847809
0.682925909;2191.760393;294.2131543
0.802950767;2400.184233;296.8566959
0.887407094;2302.193764;297.9294966
0.832132913;1972.635533;296.176547
0.541626843;2524.84589;292.0197915
0.954017092;717.6512223;291.6870281
0.529359115;1696.15643;289.4297483
0.535239972;2339.741731;291.4332283
0.605495527;2162.040913;292.5724052
0.811520797;558.6103422;287.9685601
0.762400165;807.2056735;289.5622552
0.822062471;2519.335517;297.446513
0.902251277;1232.064479;294.3903555
0.71133386;2339.492773;295.1222253
0.799939961;799.0764072;290.1138437
0.993136602;341.9430404;287.1917753
0.65846413;2027.757862;293.2867141
0.877168443;2346.044883;297.8867901
0.962548058;1215.17779;295.1483897
0.796638465;2230.988406;296.3278685
0.8798088;1706.618604;296.0441794
0.548993866;1572.974028;289.4519684
0.875376133;1152.981284;293.5864063
0.636337622;521.6608664;284.43789
0.98624437;2016.627154;298.542007
0.540436826;860.4965266;285.5886095
0.872574391;609.0791345;289.4661019
0.544150927;938.5025216;286.2145887
0.978051939;965.3160602;293.9133748
0.750316709;1090.420195;291.2466197
0.732229131;887.0625046;289.6431001
0.828999095;2605.661105;297.7517469
0.875631367;515.3066665;288.4004961
0.802629113;1987.878263;295.7493859
0.507122774;1561.291151;288.3940846
0.992652789;592.4561429;290.9380875
0.620418435;1463.89784;290.5934754
0.515505782;2198.429194;290.5933089
0.899576631;732.1038463;291.0592528
0.531710447;512.1381224;282.066229
0.587720466;1248.304052;288.9407081
0.868449325;1228.46179;293.8755052
0.518837603;515.0106921;281.7972327
0.78575853;2645.640306;297.1346547
0.956256651;1260.27786;295.2883804
0.550235026;1270.453041;288.205708
0.80017102;1460.207188;293.8670117
0.70585178;1546.732561;292.5868798
0.982540875;1833.294722;297.9239221
0.94428867;1670.404196;296.8426569
0.5433796;1075.448127;287.0346694
0.798857768;779.9937954;289.9417793
0.500719872;718.8976687;283.4984456
0.945260682;248.4493213;284.2890983
0.597077044;2055.070269;292.0975578
0.787999226;1226.051062;292.6025214
0.884532482;663.4951652;290.2020666
0.612168913;1353.443025;289.9507333
0.91008382;1994.398636;297.4169894
0.876978362;2306.365494;297.7843327
0.764487507;355.1355739;284.14921
0.685989797;1019.402129;289.6774102
0.862743145;1927.837681;296.5141337
0.9656803;2069.214255;298.4165016
0.527196755;1375.068286;288.1352928
0.844535021;1012.181263;292.3092712
0.954661713;2454.684331;299.2689672
0.600900393;932.9363249;287.4362331
0.662558038;1190.026031;290.1849964
0.796531712;1410.136172;293.5963058
0.575396122;970.3665977;287.1292084
0.73938311;2671.589764;296.3921446
0.900451506;583.593797;289.5865321
0.664585955;1794.624721;292.6904184
0.764482335;778.1769278;289.363331
0.894971999;2164.983951;297.6810136
0.819937045;1533.618484;294.4809256
0.507839915;2198.675282;290.401439
0.737732018;866.9227472;289.5940068
0.787677178;1840.722208;295.0490944
0.514741987;1111.659085;286.5497934
0.775146479;2002.889202;295.3382209
0.819986578;2270.777682;296.8099357
0.810888058;1500.665611;294.2053097
0.553277358;2352.411157;291.8916675
0.682245905;2636.391758;295.263881
0.869689663;1035.794099;292.8336131
0.600920946;965.0999631;287.6472412
0.675089982;587.7541708;285.9667398
0.561876663;1215.659496;288.2062635
0.993790289;1600.993045;297.2574918
0.83558044;1868.16012;295.9084671
0.99017596;177.0736309;282.3671904
0.972234625;436.1268298;288.6068517
0.77736773;1392.546683;293.2040665
0.894401468;814.8456692;291.6751427
0.835013368;2172.275877;296.7890556
0.770457934;1950.815881;295.103922
0.945687423;2120.461115;298.2850809
0.665318554;1367.918015;291.0847511
0.825111416;1134.54392;292.7196382
0.936945893;265.2706265;284.6509602
0.609729609;1716.738053;291.3161216
0.898217497;1245.772719;294.4003134
0.76130661;1304.508121;292.5362393
0.803280663;1434.502643;293.8098407
0.937415788;2648.498671;299.4694047
0.623991189;346.5722881;281.4409382
0.5791807;1934.637326;291.3539066
0.504752004;904.815762;285.0387016
1;62.5;274.8166667
0.9;74.8;274.8166667
0.8;92.4;274.8166667
0.7;117.22;274.8166667
0.6;175.6;274.8166667
1;64.8;275.15
0.9;77.3;275.15
0.8;94.8;275.15
0.7;119;275.15
0.6;183.4;275.15
1;68.68;275.5111111
0.9;80;275.5111111
0.8;97.4;275.5111111
0.7;124.2;275.5111111
0.6;191.5;275.5111111
1;72.3;275.8444444
0.9;84.8;275.8444444
0.8;104.4;275.8444444
0.7;129.68;275.8444444
0.6;195.7;275.8444444
1;74.8;276.2055556
0.9;90;276.2055556
0.8;109.05;276.2055556
0.7;135.4;276.2055556
0.6;200;276.2055556
1;77.3;276.5388889
0.9;94.87;276.5388889
0.8;113.88;276.5388889
0.7;141.42;276.5388889
0.6;210.4;276.5388889
1;80;276.9
0.9;97.4;276.9
0.8;118.92;276.9
0.7;147.68;276.9
0.6;221.37;276.9
1;84.4;277.2333333
0.9;100;277.2333333
0.8;113.88;277.2333333
0.7;154.22;277.2333333
0.6;232.86;277.2333333
1;90;277.5944444
0.9;109;277.5944444
0.8;129;277.5944444
0.7;161.05;277.5944444
0.6;244.95;277.5944444
1;92.4;277.9277778
0.9;110;277.9277778
0.8;130;277.9277778
0.7;168.18;277.9277778
0.6;245.5;277.9277778
1;94.87;278.2888889
0.9;111;278.2888889
0.8;131;278.2888889
0.7;175.6;278.2888889
0.6;257.68;278.2888889
1;97.4;278.6222222
0.9;112;278.6222222
0.8;135.4;278.6222222
0.7;177;278.6222222
0.6;260;278.6222222
1;104.4;278.9833333
0.9;113.88;278.9833333
0.8;147.42;278.9833333
0.7;183.4;278.9833333
0.6;271.08;278.9833333
1;109.05;279.3166667
0.9;129.68;279.3166667
0.8;154.2;279.3166667
0.7;192;279.3166667
0.6;285.17;279.3166667
1;118;279.6777778
0.9;131;279.6777778
0.8;156;279.6777778
0.7;200;279.6777778
0.6;300;279.6777778
1;124;280.0111111
0.9;141.2;280.0111111
0.8;175;280.0111111
0.7;210;280.0111111
0.6;311;280.0111111
1;129.68;280.3722222
0.9;147.68;280.3722222
0.8;183;280.3722222
0.7;221;280.3722222
0.6;322;280.3722222
1;135;280.7055556
0.9;154;280.7055556
0.8;191;280.7055556
0.7;232;280.7055556
0.6;330;280.7055556
1;141.42;281.0666667
0.9;168;281.0666667
0.8;200;281.0666667
0.7;244;281.0666667
0.6;347;281.0666667
1;147.68;281.4
0.9;175.6;281.4
0.8;210;281.4
0.7;257;281.4
0.6;368;281.4
1;154.22;281.7611111
0.9;183;281.7611111
0.8;223;281.7611111
0.7;271;281.7611111
0.6;380;281.7611111
1;168.18;282.0944444
0.9;195;282.0944444
0.8;232;282.0944444
0.7;285;282.0944444
0.6;402;282.0944444
1;175.6;282.4555556
0.9;200;282.4555556
0.8;245;282.4555556
0.7;300;282.4555556
0.6;423;282.4555556
1;183.4;282.7888889
0.9;210;282.7888889
0.8;271;282.7888889
0.7;311;282.7888889
0.6;445;282.7888889
1;195.7;283.15
0.9;221;283.15
0.8;285;283.15
0.7;322;283.15
0.6;470;283.15
1;200;283.4833333
0.9;232;283.4833333
0.8;300;283.4833333
0.7;330;283.4833333
0.6;490;283.4833333
1;210;283.8444444
0.9;245;283.8444444
0.8;311;283.8444444
0.7;350;283.8444444
0.6;505;283.8444444
1;215;284.1777778
0.9;257;284.1777778
0.8;322;284.1777778
0.7;372;284.1777778
0.6;538;284.1777778
1;221.37;284.5388889
0.9;271;284.5388889
0.8;346;284.5388889
0.7;392;284.5388889
0.6;560;284.5388889
1;232;284.8722222
0.9;285;284.8722222
0.8;372;284.8722222
0.7;420;284.8722222
0.6;580;284.8722222
1;257.68;285.2333333
0.9;300;285.2333333
0.8;385;285.2333333
0.7;430;285.2333333
0.6;604;285.2333333
1;271.08;285.5666667
0.9;311;285.5666667
0.8;400;285.5666667
0.7;450;285.5666667
0.6;645;285.5666667
1;285.17;285.9277778
0.9;324;285.9277778
0.8;423;285.9277778
0.7;470;285.9277778
0.6;670;285.9277778
1;300;286.2611111
0.9;346;286.2611111
0.8;447;286.2611111
0.7;500;286.2611111
0.6;703;286.2611111
1;311;286.6222222
0.9;372;286.6222222
0.8;460;286.6222222
0.7;527;286.6222222
0.6;745;286.6222222
1;322.2;286.9555556
0.9;400;286.9555556
0.8;472;286.9555556
0.7;445;286.9555556
0.6;770;286.9555556
1;346.41;287.3166667
0.9;423;287.3166667
0.8;500;287.3166667
0.7;570;287.3166667
0.6;800;287.3166667
1;372.24;287.65
0.9;447;287.65
0.8;523;287.65
0.7;600;287.65
0.6;820;287.65
1;400;288.0111111
0.9;472;288.0111111
0.8;547;288.0111111
0.7;645;288.0111111
0.6;885;288.0111111
1;422.8;288.3444444
0.9;485;288.3444444
0.8;573;288.3444444
0.7;670;288.3444444
0.6;920;288.3444444
1;447.21;288.7055556
0.9;500;288.7055556
0.8;600;288.7055556
0.7;700;288.7055556
0.6;960;288.7055556
1;472.86;289.0388889
0.9;523;289.0388889
0.8;648;289.0388889
0.7;745;289.0388889
0.6;1020;289.0388889
1;485;289.4
0.9;547;289.4
0.8;700;289.4
0.7;790;289.4
0.6;1090;289.4
1;523;289.7333333
0.9;573;289.7333333
0.8;748;289.7333333
0.7;810;289.7333333
0.6;1120;289.7333333
1;573;290.0944444
0.9;623;290.0944444
0.8;773;290.0944444
0.7;845;290.0944444
0.6;1190;290.0944444
1;600;290.4277778
0.9;673;290.4277778
0.8;800;290.4277778
0.7;870;290.4277778
0.6;1200;290.4277778
1;648;290.7888889
0.9;700;290.7888889
0.8;848;290.7888889
0.7;920;290.7888889
0.6;1300;290.7888889
1;673;291.1222222
0.9;748;291.1222222
0.8;900;291.1222222
0.7;970;291.1222222
0.6;1350;291.1222222
1;775;291.4833333
0.9;800;291.4833333
0.8;974;291.4833333
0.7;1010;291.4833333
0.6;1420;291.4833333
1;848;291.8166667
0.9;873;291.8166667
0.8;1090;291.8166667
0.7;1100;291.8166667
0.6;1476;291.8166667
1;900;292.1777778
0.9;900;292.1777778
0.8;1192;292.1777778
0.7;1190;292.1777778
0.6;1560;292.1777778
1;948;292.5111111
0.9;974;292.5111111
0.8;1280;292.5111111
0.7;1300;292.5111111
0.6;1680;292.5111111
1;1000;292.8722222
0.9;1010;292.8722222
0.8;1300;292.8722222
0.7;1350;292.8722222
0.6;1830;292.8722222
1;1092;293.2055556
0.9;1090;293.2055556
0.8;1410;293.2055556
0.7;1470;293.2055556
0.6;1980;293.2055556
1;1189;293.5666667
0.9;1189;293.5666667
0.8;1476;293.5666667
0.7;1550;293.5666667
0.6;2180;293.5666667
1;1296;293.9
0.9;1296;293.9
0.8;1542;293.9
0.7;1680;293.9
0.6;2350;293.9
1;1414;294.2611111
0.9;1414;294.2611111
0.8;1681;294.2611111
0.7;1750;294.2611111
0.6;2500;294.2611111
1;1476;294.5944444
0.9;1418;294.5944444
0.8;1834;294.5944444
0.7;1850;294.5944444
0.6;2700;294.5944444
1;1681;294.9555556
0.9;1542;294.9555556
0.8;1915;294.9555556
0.7;1920;294.9555556
0.6;2851;294.9555556
1;1834;295.2888889
0.9;1681.78;295.2888889
0.8;2000;295.2888889
0.7;2200;295.2888889
1;1915;295.65
0.9;1834;295.65
0.8;2180;295.65
0.7;2320;295.65
1;2000;295.9833333
0.9;1915;295.9833333
0.8;2328;295.9833333
0.7;2450;295.9833333
1;2213;296.3444444
0.9;2213;296.3444444
0.8;2705;296.3444444
0.7;2700;296.3444444
1;2449;296.6777778
0.9;2450;296.6777778
0.7;2800;296.6777778
1;2710;297.0388889
0.9;2710;297.0388889
0.7;2900;297.0388889
1;2850;297.3722222
1;3000;297.7333333
0.865546229;2725.124;297.3086
0.865546229;2656.269;297.174
0.865546229;2587.415;297.037
0.865546229;2518.653;296.8975
0.865546229;2449.986;296.7554
0.865546229;2381.418;296.6104
0.865546229;2312.956;296.4625
0.865546229;2244.603;296.3115
0.865546229;2176.367;296.1569
0.865546229;2108.253;295.9987
0.865546229;2040.269;295.8364
0.865546229;1972.422;295.6698
0.865546229;1904.721;295.4984
0.865546229;1837.175;295.3217
0.865546229;1820.093;295.2761
0.865546229;1811.306;295.2525
0.865546229;1809.096;295.2465
0.865546229;1808.645;295.2453
0.865546229;1806.876;295.2417
0.865546229;1805.767;295.2393
0.865546229;1803.504;295.2342
0.865546229;1798.901;295.2238
0.865546229;1789.42;295.2023
0.865546229;1769.58;295.1566
0.865546229;1727.56;295.0567
0.865546229;1639.059;294.8309
0.865546229;1554.684;294.5942
0.865546229;1475.896;294.3514
0.865546229;1399.537;294.0934
0.865546229;1324.378;293.815
0.865546229;1249.867;293.5119
0.865546229;1184.981;293.2231
0.865546229;1119.997;292.908
0.865546229;1055.408;292.5659
0.865546229;991.2271;292.1936
0.865546229;927.4972;291.788
0.865546229;864.2668;291.3448
0.865546229;801.5922;290.8597
0.865546229;739.539;290.3269
0.865546229;678.1846;289.7401
0.865546229;617.621;289.0914
0.865546229;557.958;288.3711
0.865546229;499.3286;287.5676
0.865546229;441.8947;286.6664
0.865546229;385.8558;285.649
0.865546229;331.4603;284.4924
0.865546229;279.0204;283.1667
0.865546229;228.933;281.6328
0.865546229;181.7065;279.8395
0.865546229;137.9942;277.7181
0.865546229;98.6308;275.1763
0.865546229;79.85525;273.6156
0.865546229;74.53891;273.1138
0.865546229;74.53891;273.1138
0.865546229;73.88584;272.9543
0.865546229;73.66424;272.8839
0.865546229;73.2276;272.7445
0.865546229;72.36158;272.466
0.865546229;70.65821;271.9099
0.865546229;67.36335;270.8013
0.865546229;61.20002;268.5986
0.865546229;50.42152;264.2512
0.865546229;41.38835;259.9552
0.865546229;33.76463;255.6627
0.865546229;27.3664;251.3747
0.865546229;22.02746;247.0913
0.865546229;17.59994;242.8125
0.865546229;13.95263;238.5382
0.863260746;2647.555;296.2776
0.863260746;2578.802;296.1433
0.863260746;2510.05;296.0065
0.863260746;2441.395;295.8673
0.863260746;2372.84;295.7255
0.863260746;2304.391;295.5809
0.863260746;2236.053;295.4333
0.863260746;2167.831;295.2826
0.863260746;2099.733;295.1285
0.863260746;2031.766;294.9708
0.863260746;1963.937;294.8091
0.863260746;1896.255;294.6431
0.863260746;1828.729;294.4725
0.863260746;1761.369;294.2967
0.863260746;1761.369;294.2967
0.863260746;1759.228;294.2918
0.863260746;1758.119;294.2894
0.863260746;1755.889;294.2844
0.863260746;1751.411;294.2743
0.863260746;1742.384;294.2539
0.863260746;1724.071;294.212
0.863260746;1686.549;294.1234
0.863260746;1608.777;293.9276
0.863260746;1531.295;293.7144
0.863260746;1455.439;293.4857
0.863260746;1380.459;293.2376
0.863260746;1305.894;292.9663
0.863260746;1240.716;292.7065
0.863260746;1175.441;292.4224
0.863260746;1110.532;292.1133
0.863260746;1045.999;291.7763
0.863260746;981.8808;291.4083
0.863260746;918.2207;291.0057
0.863260746;855.0679;290.5642
0.863260746;792.4798;290.0789
0.863260746;730.5236;289.5439
0.863260746;669.2787;288.9524
0.863260746;608.8394;288.2958
0.863260746;549.3186;287.5642
0.863260746;490.8531;286.7451
0.863260746;433.6097;285.8231
0.863260746;377.7942;284.7788
0.863260746;323.6633;283.5878
0.863260746;271.5402;282.2184
0.863260746;221.8363;280.6296
0.863260746;175.0789;278.7666
0.863260746;131.9456;276.5565
0.863260746;93.30004;273.9005
0.863260746;83.62307;273.0776
0.863260746;83.24821;273.044
0.863260746;83.24821;273.044
0.863260746;82.60968;272.8793
0.863260746;82.36462;272.8093
0.863260746;81.8786;272.6699
0.863260746;80.91461;272.3914
0.863260746;79.01839;271.8353
0.863260746;75.34997;270.7267
0.863260746;68.48584;268.5238
0.863260746;56.47459;264.1758
0.863260746;46.40031;259.879
0.863260746;37.89113;255.5857
0.863260746;30.74361;251.297
0.863260746;24.77388;247.0129
0.863260746;19.81831;242.7333
0.863260746;15.73161;238.4583
0.85224792;2667.651;296.2095
0.85224792;2598.872;296.0756
0.85224792;2530.092;295.9392
0.85224792;2461.409;295.8005
0.85224792;2392.825;295.6593
0.85224792;2324.344;295.5155
0.85224792;2255.973;295.3688
0.85224792;2187.717;295.2191
0.85224792;2119.582;295.0661
0.85224792;2051.576;294.9096
0.85224792;1983.706;294.7493
0.85224792;1915.98;294.5847
0.85224792;1848.407;294.4154
0.85224792;1780.997;294.2407
0.85224792;1747.056;294.1504
0.85224792;1744.878;294.1446
0.85224792;1743.77;294.1416
0.85224792;1743.77;294.1416
0.85224792;1741.551;294.1362
0.85224792;1740.442;294.1336
0.85224792;1738.219;294.1284
0.85224792;1733.766;294.1178
0.85224792;1724.838;294.0964
0.85224792;1706.889;294.0529
0.85224792;1670.645;293.9625
0.85224792;1596.872;293.7669
0.85224792;1522.982;293.5538
0.85224792;1449.291;293.3219
0.85224792;1383.418;293.0962
0.85224792;1317.494;292.8508
0.85224792;1251.87;292.5849
0.85224792;1186.559;292.296
0.85224792;1121.587;291.9819
0.85224792;1056.987;291.6398
0.85224792;992.7955;291.2664
0.85224792;929.054;290.8582
0.85224792;865.8107;290.4109
0.85224792;803.1217;289.9197
0.85224792;741.0524;289.3788
0.85224792;679.6799;288.7814
0.85224792;619.0956;288.1194
0.85224792;559.4091;287.3827
0.85224792;500.7525;286.5594
0.85224792;443.2871;285.6344
0.85224792;387.2113;284.5891
0.85224792;332.772;283.3998
0.85224792;280.2798;282.036
0.85224792;230.1292;280.4579
0.85224792;182.8254;278.6131
0.85224792;139.0178;276.4309
0.85224792;99.53614;273.8159
0.85224792;94.4477;273.4115
0.85224792;91.27166;273.1489
0.85224792;90.46274;273.0807
0.85224792;90.05198;273.0459
0.85224792;90.05198;273.0459
0.85224792;89.35445;272.8789
0.85224792;89.09053;272.8088
0.85224792;88.56749;272.6695
0.85224792;87.53002;272.391
0.85224792;85.48908;271.8349
0.85224792;81.54;270.7262
0.85224792;74.14817;268.5235
0.85224792;61.20459;264.1756
0.85224792;50.33785;259.8789
0.85224792;41.15017;255.5858
0.85224792;33.42481;251.2971
0.85224792;26.96561;247.013
0.85224792;21.59779;242.7334
0.85224792;17.16601;238.4583
0.806715049;13.53262;234.188
0.806715049;2639.683;294.8364
0.806715049;2570.941;294.7014
0.806715049;2502.199;294.564
0.806715049;2433.555;294.4242
0.806715049;2365.012;294.2818
0.806715049;2296.575;294.1367
0.806715049;2228.25;293.9886
0.806715049;2160.042;293.8373
0.806715049;2091.959;293.6825
0.806715049;2024.007;293.5239
0.806715049;1956.195;293.3611
0.806715049;1888.53;293.1936
0.806715049;1821.022;293.0208
0.806715049;1753.682;292.842
0.806715049;1719.772;292.7492
0.806715049;1702.439;292.7011
0.806715049;1702.439;292.7011
0.806715049;1700.242;292.6954
0.806715049;1699.134;292.6926
0.806715049;1696.912;292.687
0.806715049;1692.466;292.6757
0.806715049;1683.555;292.653
0.806715049;1665.667;292.6066
0.806715049;1629.618;292.5104
0.806715049;1556.379;292.3027
0.806715049;1490.07;292.099
0.806715049;1423.732;291.8784
0.806715049;1357.658;291.6401
0.806715049;1291.856;291.3822
0.806715049;1226.351;291.1026
0.806715049;1161.168;290.7989
0.806715049;1096.337;290.4686
0.806715049;1031.892;290.1087
0.806715049;967.8711;289.716
0.806715049;904.3178;289.2864
0.806715049;841.2837;288.8156
0.806715049;778.828;288.2983
0.806715049;717.0207;287.7284
0.806715049;655.9439;287.0983
0.806715049;595.6957;286.3994
0.806715049;536.3939;285.6207
0.806715049;478.181;284.7491
0.806715049;421.2317;283.768
0.806715049;365.7619;282.6566
0.806715049;312.0412;281.3882
0.806715049;260.4102;279.9284
0.806715049;211.303;278.2316
0.806715049;165.2768;276.237
0.806715049;123.0472;273.8626
0.806715049;112.3502;273.1386
0.806715049;110.7352;273.0238
0.806715049;110.3051;272.9929
0.806715049;110.3051;272.9929
0.806715049;109.4944;272.8361
0.806715049;109.1715;272.7658
0.806715049;108.5339;272.6264
0.806715049;107.2692;272.3479
0.806715049;104.7809;271.7918
0.806715049;99.9655;270.6831
0.806715049;90.94903;268.48
0.806715049;75.14968;264.1308
0.806715049;61.87369;259.8325
0.806715049;50.63931;255.5377
0.806715049;41.18392;251.2473
0.806715049;33.26987;246.9613
0.806715049;26.68541;242.6798
0.806715049;21.24226;238.4028
0.806715049;16.77362;234.1304
0.806715049;13.13207;229.8627
0.713362403;2688.862;295.2965
0.713362403;2620.054;295.1603
0.713362403;2551.247;295.0214
0.713362403;2482.534;294.8801
0.713362403;2413.919;294.7361
0.713362403;2345.406;294.5891
0.713362403;2277;294.439
0.713362403;2208.708;294.2855
0.713362403;2140.535;294.1283
0.713362403;2072.489;293.9669
0.713362403;2004.576;293.8009
0.713362403;1936.805;293.6298
0.713362403;1869.184;293.453
0.713362403;1801.723;293.2697
0.713362403;1734.432;293.079
0.713362403;1700.547;292.9796
0.713362403;1683.222;292.9279
0.713362403;1674.458;292.9015
0.713362403;1672.252;292.8948
0.713362403;1672.252;292.8948
0.713362403;1670.037;292.8885
0.713362403;1668.929;292.8854
0.713362403;1666.714;292.8791
0.713362403;1662.289;292.8665
0.713362403;1653.463;292.8413
0.713362403;1635.905;292.7903
0.713362403;1601.17;292.6868
0.713362403;1533.203;292.4726
0.713362403;1466.772;292.2471
0.713362403;1400.528;292.0044
0.713362403;1334.547;291.743
0.713362403;1268.846;291.4609
0.713362403;1203.451;291.1559
0.713362403;1138.388;290.8256
0.713362403;1073.689;290.4673
0.713362403;1009.388;290.0779
0.713362403;945.5251;289.6538
0.713362403;882.1477;289.1909
0.713362403;819.3093;288.6845
0.713362403;757.0725;288.1291
0.713362403;695.5112;287.5179
0.713362403;634.713;286.8431
0.713362403;574.7822;286.0952
0.713362403;515.8446;285.2626
0.713362403;458.0531;284.3308
0.713362403;401.5957;283.282
0.713362403;346.7054;282.0933
0.713362403;293.6746;280.7356
0.713362403;242.8737;279.1707
0.713362403;194.7764;277.3481
0.713362403;149.991;275.1999
0.713362403;128.0377;273.9106
0.713362403;116.0157;273.1137
0.713362403;115.2051;273.0572
0.713362403;115.2051;273.0572
0.713362403;114.2858;272.9043
0.713362403;113.9464;272.8332
0.713362403;113.2837;272.6938
0.713362403;111.9691;272.4153
0.713362403;109.3827;271.8592
0.713362403;104.3765;270.7505
0.713362403;95.00029;268.5476
0.713362403;78.56118;264.1991
0.713362403;64.73626;259.9016
0.713362403;53.02721;255.6075
0.713362403;43.16376;251.3177
0.713362403;34.90093;247.0323
0.713362403;28.02011;242.7514
0.713362403;22.32673;238.4748
0.713362403;17.64817;234.2028
0.713362403;13.83176;229.9355
0.735715567;2468.812;294.4365
0.735715567;2400.317;294.2914
0.735715567;2331.822;294.1429
0.735715567;2263.438;293.9911
0.735715567;2195.169;293.8357
0.735715567;2127.021;293.6763
0.735715567;2059.001;293.5125
0.735715567;1991.115;293.3438
0.735715567;1923.373;293.1698
0.735715567;1855.783;292.9896
0.735715567;1788.355;292.8026
0.735715567;1721.099;292.6078
0.735715567;1654.028;292.4042
0.735715567;1587.153;292.1906
0.735715567;1520.489;291.9655
0.735715567;1486.899;291.8469
0.735715567;1478.264;291.8158
0.735715567;1476.066;291.8079
0.735715567;1476.066;291.8079
0.735715567;1473.857;291.8001
0.735715567;1472.753;291.7963
0.735715567;1470.544;291.7885
0.735715567;1466.133;291.773
0.735715567;1457.338;291.7419
0.735715567;1439.854;291.679
0.735715567;1405.313;291.551
0.735715567;1337.928;291.2856
0.735715567;1272.275;291.0051
0.735715567;1206.86;290.7015
0.735715567;1141.779;290.3727
0.735715567;1077.06;290.0158
0.735715567;1012.737;289.6277
0.735715567;948.8505;289.2049
0.735715567;885.4465;288.7432
0.735715567;822.5783;288.2379
0.735715567;760.3084;287.6833
0.735715567;698.7098;287.073
0.735715567;637.8693;286.399
0.735715567;577.8903;285.6518
0.735715567;518.8972;284.82
0.735715567;461.0416;283.8893
0.735715567;404.5091;282.842
0.735715567;349.5303;281.6555
0.735715567;296.3939;280.3011
0.735715567;245.4658;278.7411
0.735715567;197.2135;276.9258
0.735715567;152.2374;274.7885
0.735715567;130.1737;273.5073
0.735715567;123.9865;273.1112
0.735715567;122.2826;272.9989
0.735715567;122.2826;272.9989
0.735715567;121.4507;272.8478
0.735715567;121.0979;272.7775
0.735715567;120.4008;272.6381
0.735715567;119.0178;272.3596
0.735715567;116.2962;271.8035
0.735715567;111.0262;270.6949
0.735715567;101.1479;268.4919
0.735715567;83.801;264.1432
0.735715567;69.18193;259.8454
0.735715567;56.77447;255.5509
0.735715567;46.30084;251.2607
0.735715567;37.5084;246.975
0.735715567;30.17108;242.6936
0.735715567;24.08706;238.4166
0.735715567;19.07678;234.1441
0.735715567;14.98093;229.8763
0.700453166;2532.238;294.5508
0.700453166;2463.647;294.4064
0.700453166;2395.057;294.2588
0.700453166;2326.573;294.1079
0.700453166;2258.198;293.9534
0.700453166;2189.938;293.795
0.700453166;2121.799;293.6323
0.700453166;2053.789;293.4649
0.700453166;1985.914;293.2921
0.700453166;1918.184;293.1134
0.700453166;1850.606;292.9281
0.700453166;1783.191;292.7353
0.700453166;1715.948;292.5341
0.700453166;1648.891;292.3234
0.700453166;1582.032;292.1019
0.700453166;1515.385;291.8683
0.700453166;1448.966;291.621
0.700453166;1444.738;291.6047
0.700453166;1442.535;291.5962
0.700453166;1442.527;291.5961
0.700453166;1440.328;291.5879
0.700453166;1439.224;291.5837
0.700453166;1437.017;291.5753
0.700453166;1432.608;291.5586
0.700453166;1423.819;291.525
0.700453166;1406.35;291.4572
0.700453166;1371.848;291.3191
0.700453166;1304.577;291.0335
0.700453166;1239.076;290.7321
0.700453166;1173.826;290.4063
0.700453166;1108.924;290.0539
0.700453166;1044.401;289.6718
0.700453166;980.2942;289.2566
0.700453166;916.6461;288.8046
0.700453166;853.5066;288.3113
0.700453166;790.9333;287.7716
0.700453166;728.9937;287.1792
0.700453166;667.7676;286.5271
0.700453166;607.3497;285.8066
0.700453166;547.8534;285.0071
0.700453166;489.416;284.1158
0.700453166;432.2054;283.1167
0.700453166;376.4284;281.9897
0.700453166;322.3431;280.7094
0.700453166;270.2747;279.2424
0.700453166;220.6371;277.5454
0.700453166;173.9607;275.5603
0.700453166;130.9275;273.2084
0.700453166;128.107;273.0297
0.700453166;128.107;273.0297
0.700453166;127.2886;272.8809
0.700453166;126.9197;272.811
0.700453166;126.1873;272.6716
0.700453166;124.7345;272.3931
0.700453166;121.8755;271.837
0.700453166;116.3402;270.7283
0.700453166;105.9667;268.5255
0.700453166;87.75792;264.1773
0.700453166;72.42058;259.88
0.700453166;59.40994;255.586
0.700453166;48.43265;251.2964
0.700453166;39.22198;247.011
0.700453166;31.53942;242.73
0.700453166;25.17216;238.4534
0.700453166;19.93101;234.1812
0.700453166;15.64826;229.9137
0.646084272;2478.415;294.2807
0.646084272;2409.905;294.1314
0.646084272;2341.395;293.9784
0.646084272;2272.996;293.8217
0.646084272;2204.711;293.6609
0.646084272;2136.545;293.4955
0.646084272;2068.507;293.3252
0.646084272;2000.602;293.1493
0.646084272;1932.839;292.9673
0.646084272;1865.228;292.7784
0.646084272;1797.776;292.5819
0.646084272;1730.496;292.3767
0.646084272;1663.397;292.1618
0.646084272;1596.494;291.936
0.646084272;1529.8;291.698
0.646084272;1463.33;291.4463
0.646084272;1397.101;291.179
0.646084272;1331.134;290.8944
0.646084272;1326.93;290.8756
0.646084272;1324.732;290.8657
0.646084272;1323.631;290.8607
0.646084272;1323.08;290.8582
0.646084272;1323.08;290.8582
0.646084272;1320.875;290.8484
0.646084272;1319.774;290.8435
0.646084272;1317.572;290.8337
0.646084272;1313.174;290.814
0.646084272;1304.409;290.7745
0.646084272;1286.997;290.6947
0.646084272;1252.648;290.5323
0.646084272;1185.829;290.1963
0.646084272;1120.935;289.8417
0.646084272;1056.336;289.4576
0.646084272;992.1487;289.041
0.646084272;928.412;288.5882
0.646084272;865.174;288.0948
0.646084272;802.491;287.5558
0.646084272;740.4283;286.9652
0.646084272;679.0632;286.316
0.646084272;618.4875;285.5999
0.646084272;558.8107;284.8066
0.646084272;500.1653;283.9237
0.646084272;442.7129;282.9358
0.646084272;386.6522;281.8237
0.646084272;332.2309;280.5628
0.646084272;279.7603;279.1216
0.646084272;229.6357;277.4584
0.646084272;182.3638;275.518
0.646084272;138.5954;273.2257
0.646084272;135.7254;273.0523
0.646084272;135.7254;273.0523
0.646084272;134.7761;272.9086
0.646084272;134.3805;272.8376
0.646084272;133.6072;272.6982
0.646084272;132.0731;272.4197
0.646084272;129.0541;271.8636
0.646084272;123.2085;270.755
0.646084272;112.2513;268.5522
0.646084272;93.01056;264.2043
0.646084272;76.79523;259.9074
0.646084272;63.03221;255.6138
0.646084272;51.41378;251.3243
0.646084272;41.65981;247.0392
0.646084272;33.51953;242.7584
0.646084272;26.76906;238.4819
0.646084272;21.20918;234.2099
0.646084272;16.66317;229.9424
0.646084272;12.97504;225.6796
0.96008472;2835.926;295.5391
0.96008472;2766.936;295.4142
0.96008472;2697.945;295.2872
0.96008472;2629.041;295.1583
0.96008472;2560.224;295.0273
0.96008472;2491.499;294.8941
0.96008472;2422.87;294.7585
0.96008472;2354.344;294.6205
0.96008472;2285.924;294.4798
0.96008472;2217.616;294.3362
0.96008472;2149.428;294.1897
0.96008472;2081.364;294.0399
0.96008472;2013.434;293.8866
0.96008472;1945.644;293.7295
0.96008472;1878.003;293.5683
0.96008472;1869.432;293.5475
0.96008472;1865.01;293.5368
0.96008472;1864.456;293.5354
0.96008472;1863.901;293.5341
0.96008472;1862.233;293.5318
0.96008472;1861.123;293.5297
0.96008472;1858.796;293.5254
0.96008472;1853.965;293.5163
0.96008472;1843.762;293.497
0.96008472;1821.973;293.455
0.96008472;1775.835;293.3628
0.96008472;1680.843;293.1576
0.96008472;1593.553;292.9486
0.96008472;1513.742;292.7376
0.96008472;1436.832;292.514
0.96008472;1361.313;292.2725
0.96008472;1286.576;292.0092
0.96008472;1221.505;291.7577
0.96008472;1156.327;291.4826
0.96008472;1091.525;291.183
0.96008472;1027.11;290.8562
0.96008472;963.1222;290.499
0.96008472;899.6057;290.1077
0.96008472;836.6125;289.678
0.96008472;774.2026;289.205
0.96008472;712.4466;288.6826
0.96008472;651.4279;288.1035
0.96008472;591.2459;287.4593
0.96008472;532.0199;286.7391
0.96008472;473.8947;285.93
0.96008472;417.0475;285.0154
0.96008472;361.6978;283.9748
0.96008472;308.12;282.7814
0.96008472;256.6606;281.4006
0.96008472;207.7619;279.7867
0.96008472;161.9916;277.8783
0.96008472;120.0784;275.5923
0.96008472;99.79992;274.1953
0.96008472;88.68168;273.3122
0.96008472;85.70551;273.0584
0.96008472;84.90896;272.9892
0.96008472;84.90896;272.9892
0.96008472;84.29445;272.8226
0.96008472;84.04152;272.7529
0.96008472;83.53792;272.6135
0.96008472;82.5392;272.335
0.96008472;80.57526;271.7789
0.96008472;76.77818;270.6701
0.96008472;69.68197;268.4668
0.96008472;57.2944;264.1168
0.96008472;46.93916;259.8177
0.96008472;38.22238;255.5224
0.96008472;30.92485;251.2317
0.96008472;24.84981;246.9456
0.96008472;19.82313;242.6642
0.96008472;15.69107;238.3875
1.181202806;2556.825;294.0537
1.181202806;2488.199;293.9356
1.181202806;2419.573;293.8156
1.181202806;2351.052;293.6938
1.181202806;2282.637;293.57
1.181202806;2214.335;293.4442
1.181202806;2146.152;293.3162
1.181202806;2078.095;293.1859
1.181202806;2010.171;293.053
1.181202806;1942.388;292.9175
1.181202806;1874.755;292.7791
1.181202806;1807.28;292.6374
1.181202806;1739.975;292.4924
1.181202806;1672.85;292.3434
1.181202806;1605.918;292.1903
1.181202806;1539.193;292.0324
1.181202806;1530.719;292.0119
1.181202806;1526.321;292.0013
1.181202806;1525.217;291.9986
1.181202806;1524.664;291.9973
1.181202806;1524.664;291.9973
1.181202806;1522.452;291.9916
1.181202806;1521.347;291.9887
1.181202806;1519.111;291.9829
1.181202806;1514.599;291.9712
1.181202806;1505.418;291.9471
1.181202806;1486.511;291.8966
1.181202806;1447.007;291.7876
1.181202806;1363.821;291.5409
1.181202806;1282.732;291.2755
1.181202806;1205.656;290.9972
1.181202806;1130.614;290.6984
1.181202806;1056.669;290.373
1.181202806;992.9783;290.0645
1.181202806;929.2071;289.7253
1.181202806;865.9643;289.3543
1.181202806;803.2738;288.9471
1.181202806;741.2028;288.4983
1.181202806;679.8285;288.0015
1.181202806;619.2422;287.4489
1.181202806;559.5534;286.8311
1.181202806;500.8941;286.1364
1.181202806;443.4256;285.3502
1.181202806;387.3461;284.4541
1.181202806;332.9024;283.425
1.181202806;280.405;282.2324
1.181202806;230.2482;280.837
1.181202806;182.9367;279.1861
1.181202806;139.1197;277.2089
1.181202806;99.6263;274.8087
1.181202806;80.77387;273.3201
1.181202806;78.05951;273.0795
1.181202806;76.52863;272.9404
1.181202806;76.52863;272.9404
1.181202806;75.85569;272.7776
1.181202806;75.62236;272.7072
1.181202806;75.16217;272.5678
1.181202806;74.2497;272.2893
1.181202806;72.45591;271.7331
1.181202806;68.98975;270.6242
1.181202806;62.51936;268.4204
1.181202806;51.24978;264.0688
1.181202806;41.8592;259.7677
1.181202806;33.98049;255.4706
1.181202806;27.40626;251.1784
1.181202806;21.95144;246.8911
1.181202806;17.45304;242.6086
1.181202806;13.76781;238.331
0.677653523;2387.941;292.8672
0.677653523;2319.575;292.7153
0.677653523;2251.209;292.5594
0.677653523;2182.961;292.3994
0.677653523;2114.835;292.235
0.677653523;2046.838;292.0655
0.677653523;1978.978;291.8905
0.677653523;1911.262;291.7093
0.677653523;1843.701;291.5212
0.677653523;1776.303;291.3253
0.677653523;1709.079;291.1207
0.677653523;1642.041;290.9062
0.677653523;1575.203;290.6806
0.677653523;1508.578;290.4426
0.677653523;1442.183;290.1905
0.677653523;1376.036;289.9226
0.677653523;1310.156;289.6369
0.677653523;1244.566;289.3312
0.677653523;1211.489;289.1681
0.677653523;1194.457;289.0816
0.677653523;1185.808;289.0369
0.677653523;1181.448;289.0143
0.677653523;1180.352;289.0086
0.677653523;1179.803;289.0057
0.677653523;1179.803;289.0057
0.677653523;1177.605;288.9943
0.677653523;1176.508;288.9885
0.677653523;1174.313;288.9771
0.677653523;1169.931;288.9541
0.677653523;1161.201;288.908
0.677653523;1143.873;288.8148
0.677653523;1109.745;288.6251
0.677653523;1043.584;288.2319
0.677653523;979.5717;287.8158
0.677653523;915.9239;287.3624
0.677653523;852.7908;286.8677
0.677653523;790.2243;286.3266
0.677653523;728.2924;285.7328
0.677653523;667.075;285.0791
0.677653523;606.6668;284.3567
0.677653523;547.1817;283.555
0.677653523;488.7574;282.661
0.677653523;431.5618;281.6584
0.677653523;375.8025;280.5272
0.677653523;321.7382;279.2412
0.677653523;269.695;277.7669
0.677653523;220.0878;276.0601
0.677653523;173.4488;274.0617
0.677653523;161.5285;273.4664
0.677653523;154.6272;273.102
0.677653523;152.8456;273.0055
0.677653523;152.387;272.9804
0.677653523;152.387;272.9804
0.677653523;151.4856;272.8382
0.677653523;151.0453;272.7686
0.677653523;150.1684;272.6292
0.677653523;148.4289;272.3507
0.677653523;145.0061;271.7946
0.677653523;138.3809;270.686
0.677653523;125.971;268.4832
0.677653523;104.2089;264.1354
0.677653523;85.90245;259.8385
0.677653523;70.39346;255.5447
0.677653523;57.32578;251.2552
0.677653523;46.37593;246.9699
0.677653523;37.25499;242.6889
0.677653523;29.70566;238.4123
0.677653523;23.49956;234.14
0.677653523;18.43469;229.8724
0.677653523;14.33322;225.6094
0.629275402;2403.957;293.0597
0.629275402;2335.565;292.905
0.629275402;2267.172;292.7463
0.629275402;2198.897;292.5832
0.629275402;2130.742;292.4155
0.629275402;2062.714;292.2426
0.629275402;1994.821;292.064
0.629275402;1927.071;291.8791
0.629275402;1859.473;291.687
0.629275402;1792.036;291.487
0.629275402;1724.77;291.2782
0.629275402;1657.688;291.0594
0.629275402;1590.802;290.8296
0.629275402;1524.126;290.5872
0.629275402;1457.676;290.3309
0.629275402;1391.469;290.0589
0.629275402;1325.524;289.7694
0.629275402;1259.864;289.4602
0.629275402;1194.513;289.129
0.629275402;1129.498;288.773
0.629275402;1127.42;288.7611
0.629275402;1127.42;288.7611
0.629275402;1125.228;288.7487
0.629275402;1124.132;288.7424
0.629275402;1121.94;288.7299
0.629275402;1117.565;288.7048
0.629275402;1108.85;288.6543
0.629275402;1091.557;288.5525
0.629275402;1057.524;288.3452
0.629275402;991.6428;287.9157
0.629275402;928.0056;287.4616
0.629275402;864.7653;286.9663
0.629275402;802.0863;286.4255
0.629275402;740.0279;285.8332
0.629275402;678.6676;285.1823
0.629275402;618.0973;284.4643
0.629275402;558.4268;283.6691
0.629275402;499.7886;282.784
0.629275402;442.3445;281.7937
0.629275402;386.2936;280.6785
0.629275402;331.8839;279.4139
0.629275402;279.4271;277.9678
0.629275402;229.3193;276.2982
0.629275402;182.0678;274.3491
0.629275402;158.6961;273.1935
0.629275402;157.0421;273.1056
0.629275402;156.1214;273.0563
0.629275402;155.659;273.0314
0.629275402;155.659;273.0314
0.629275402;154.6269;272.8932
0.629275402;154.1687;272.822
0.629275402;153.2751;272.6827
0.629275402;151.5023;272.4042
0.629275402;148.0142;271.8481
0.629275402;141.262;270.7395
0.629275402;128.613;268.5369
0.629275402;106.427;264.1894
0.629275402;87.75824;259.893
0.629275402;71.93723;255.5997
0.629275402;58.6024;251.3107
0.629275402;47.42514;247.0258
0.629275402;38.11175;242.7452
0.629275402;30.40052;238.4689
0.629275402;24.05909;234.197
0.629275402;18.88185;229.9296
0.629275402;14.6877;225.6669
0.689969621;2880.152;295.1992
0.689969621;2811.11;295.0722
0.689969621;2742.068;294.9433
0.689969621;2673.109;294.8126
0.689969621;2604.236;294.6799
0.689969621;2535.451;294.5452
0.689969621;2466.761;294.4082
0.689969621;2398.168;294.2688
0.689969621;2329.679;294.1269
0.689969621;2261.299;293.9821
0.689969621;2193.034;293.8342
0.689969621;2124.89;293.6828
0.689969621;2056.873;293.5276
0.689969621;1988.993;293.3681
0.689969621;1921.255;293.2037
0.689969621;1853.67;293.0337
0.689969621;1819.646;292.9456
0.689969621;1802.272;292.8999
0.689969621;1801.722;292.8985
0.689969621;1801.722;292.8985
0.689969621;1799.501;292.8931
0.689969621;1798.392;292.8904
0.689969621;1796.173;292.885
0.689969621;1791.74;292.8742
0.689969621;1782.898;292.8524
0.689969621;1765.3;292.8087
0.689969621;1730.458;292.7197
0.689969621;1662.176;292.536
0.689969621;1595.32;292.343
0.689969621;1528.628;292.136
0.689969621;1462.162;291.9137
0.689969621;1395.938;291.6745
0.689969621;1329.975;291.4167
0.689969621;1264.295;291.1383
0.689969621;1198.922;290.8373
0.689969621;1133.883;290.5111
0.689969621;1069.21;290.1572
0.689969621;1004.938;289.7723
0.689969621;941.1079;289.353
0.689969621;877.7661;288.8951
0.689969621;814.9673;288.3939
0.689969621;752.7749;287.8437
0.689969621;691.2636;287.2378
0.689969621;630.522;286.5683
0.689969621;570.6558;285.8255
0.689969621;511.7925;284.9976
0.689969621;454.0872;284.07
0.689969621;397.7304;283.0243
0.689969621;342.959;281.8372
0.689969621;290.0701;280.4788
0.689969621;239.4403;278.9098
0.689969621;191.5515;277.078
0.689969621;147.0229;274.9134
0.689969621;125.2184;273.6108
0.689969621;119.0972;273.2065
0.689969621;117.4089;273.0916
0.689969621;116.9735;273.0617
0.689969621;116.9735;273.0617
0.689969621;116.0539;272.9093
0.689969621;115.7039;272.8384
0.689969621;115.0195;272.699
0.689969621;113.6621;272.4205
0.689969621;110.9925;271.8644
0.689969621;105.829;270.7557
0.689969621;96.17183;268.5528
0.689969621;79.28732;264.2045
0.689969621;65.1398;259.9072
0.689969621;53.20036;255.6133
0.689969621;43.17834;251.3237
0.689969621;34.81191;247.0386
0.689969621;27.86878;242.7578
0.689969621;22.14336;238.4815
0.689969621;17.45426;234.2097
0.689969621;13.64192;229.9426
0.683985312;2434.909;292.7317
0.683985312;2366.467;292.584
0.683985312;2298.025;292.4328
0.683985312;2229.697;292.278
0.683985312;2161.487;292.119
0.683985312;2093.401;291.9557
0.683985312;2025.446;291.7873
0.683985312;1957.631;291.6135
0.683985312;1889.963;291.4334
0.683985312;1822.451;291.2463
0.683985312;1755.107;291.0513
0.683985312;1687.941;290.8475
0.683985312;1620.964;290.6337
0.683985312;1554.192;290.4086
0.683985312;1487.638;290.1707
0.683985312;1421.319;289.9184
0.683985312;1355.253;289.6498
0.683985312;1289.462;289.363
0.683985312;1256.288;289.2102
0.683985312;1239.221;289.1293
0.683985312;1237.049;289.1189
0.683985312;1235.951;289.1136
0.683985312;1235.401;289.1109
0.683985312;1235.401;289.1109
0.683985312;1233.2;289.1004
0.683985312;1232.101;289.0951
0.683985312;1229.903;289.0846
0.683985312;1225.515;289.0634
0.683985312;1216.77;289.0209
0.683985312;1199.407;288.9351
0.683985312;1165.187;288.7603
0.683985312;1098.754;288.3981
0.683985312;1034.377;288.0149
0.683985312;970.3336;287.598
0.683985312;906.7617;287.1439
0.683985312;843.7064;286.648
0.683985312;781.2272;286.1051
0.683985312;719.3934;285.5087
0.683985312;658.2867;284.8513
0.683985312;598.0045;284.1241
0.683985312;538.6637;283.316
0.683985312;480.4058;282.4136
0.683985312;423.404;281.4003
0.683985312;367.8724;280.2551
0.683985312;314.0784;278.951
0.683985312;262.3594;277.4531
0.683985312;213.1454;275.7152
0.683985312;166.9881;273.6755
0.683985312;155.1996;273.0661
0.683985312;154.3274;273.0193
0.683985312;153.8659;272.9944
0.683985312;153.8659;272.9944
0.683985312;152.7767;272.858
0.683985312;152.3148;272.786
0.683985312;151.424;272.6467
0.683985312;149.6568;272.3682
0.683985312;146.1804;271.812
0.683985312;139.4535;270.7034
0.683985312;126.8607;268.5007
0.683985312;104.8047;264.1528
0.683985312;86.28077;259.8558
0.683985312;70.61237;255.562
0.683985312;57.43093;251.2724
0.683985312;46.4027;246.9871
0.683985312;37.23034;242.7061
0.683985312;29.64974;238.4294
0.683985312;23.42705;234.1572
0.683985312;18.35596;229.8895
0.683985312;14.25528;225.6265
0.643680935;2697.33;294.2997
0.643680935;2628.512;294.1647
0.643680935;2559.693;294.0272
0.643680935;2490.969;293.8872
0.643680935;2422.341;293.7446
0.643680935;2353.815;293.5989
0.643680935;2285.396;293.4501
0.643680935;2217.09;293.2977
0.643680935;2148.902;293.1415
0.643680935;2080.84;292.9808
0.643680935;2012.91;292.8153
0.643680935;1945.121;292.6444
0.643680935;1877.482;292.4673
0.643680935;1810;292.2832
0.643680935;1742.688;292.0913
0.643680935;1675.556;291.8905
0.643680935;1608.616;291.6796
0.643680935;1574.896;291.5689
0.643680935;1557.63;291.511
0.643680935;1548.889;291.4813
0.643680935;1546.688;291.4738
0.643680935;1546.136;291.4719
0.643680935;1546.136;291.4719
0.643680935;1543.922;291.4645
0.643680935;1542.817;291.4608
0.643680935;1540.605;291.4534
0.643680935;1536.189;291.4387
0.643680935;1527.381;291.409
0.643680935;1509.869;291.3492
0.643680935;1475.254;291.2275
0.643680935;1407.645;290.9759
0.643680935;1341.691;290.7111
0.643680935;1275.957;290.4257
0.643680935;1210.527;290.1178
0.643680935;1145.427;289.7851
0.643680935;1080.686;289.4247
0.643680935;1016.34;289.0336
0.643680935;952.4281;288.6083
0.643680935;888.9956;288.1447
0.643680935;826.0958;287.638
0.643680935;763.7904;287.0828
0.643680935;702.152;286.4724
0.643680935;641.2663;285.7991
0.643680935;581.2358;285.0535
0.643680935;522.1836;284.224
0.643680935;464.2595;283.2964
0.643680935;407.647;282.2532
0.643680935;352.5738;281.0718
0.643680935;299.325;279.7235
0.643680935;248.2615;278.1707
0.643680935;199.8443;276.3638
0.643680935;154.6655;274.2357
0.643680935;143.146;273.5967
0.643680935;136.4288;273.2011
0.643680935;134.6926;273.0958
0.643680935;133.7984;273.0411
0.643680935;133.7819;273.0401
0.643680935;132.9722;272.8926
0.643680935;132.5813;272.8231
0.643680935;131.8016;272.6837
0.643680935;130.255;272.4052
0.643680935;127.2128;271.8491
0.643680935;121.3275;270.7405
0.643680935;110.3158;268.5377
0.643680935;91.04729;264.1898
0.643680935;74.88401;259.8929
0.643680935;61.22785;255.5993
0.643680935;49.7517;251.31
0.643680935;40.16027;247.0251
0.643680935;32.19113;242.7444
0.643680935;25.61161;238.4681
0.643680935;20.21618;234.1963
0.643680935;15.82376;229.9291
0.55;374.5380422;272.6165374
0.55;390.288736;272.8597578
0.55;396.4061977;272.981368
0.55;425.7692091;273.2245885
0.55;434.6295913;273.3461987
0.55;464.0360726;273.6806268
0.55;490.2531548;273.8934447
0.55;514.8582637;274.1974702
0.55;536.3971891;274.3798855
0.55;543.4896008;274.5318983
0.55;556.3761493;274.7447162
0.55;565.0968975;274.8663264
0.55;610.1528383;275.1703519
0.55;634.0771899;275.3527672
0.55;644.2189012;275.5655851
0.55;664.4327394;275.7480004
0.55;685.280833;275.9304157
0.55;723.2373728;276.2040387
0.55;759.2164315;276.386454
0.55;834.5257956;276.7512847
0.55;862.7937684;276.9032975
0.55;960.7151421;277.3593358
0.55;1029.387233;277.6329587
0.55;1053.684048;277.8153741
0.55;1095.114521;278.0281919
0.55;1135.187815;278.2106073
0.55;1159.054981;278.3930226
0.55;1183.42395;278.5754379
0.55;1229.697275;278.7274507
0.55;1268.415118;278.9402685
0.55;1338.248517;279.1226839
0.55;1437.678777;279.4267094
0.55;1467.597294;279.5483196
0.55;1572.501412;279.8219426
0.55;1626.450424;280.0955656
0.55;1711.673315;280.2779809
0.55;1792.67509;280.5212013
0.55;1877.115568;280.7036167
0.55;1916.581661;280.886032
0.55;1981.502217;281.0380447
0.55;2139.490072;281.3420703
0.55;2207.549184;281.6460958
0.55;2377.30636;281.9197188
0.55;2489.284759;282.1021341
0.55;2548.039803;282.2845494
0.55;2641.279686;282.4669648
0.55;2829.186772;282.6493801
0.55;3007.619648;282.8317954
0.55;3105.578361;282.9838082
0.55;3366.960997;283.3790414
0.55;3525.555155;283.5614567
0.55;3663.793668;283.743872
0.55;3778.356485;283.8958848
0.55;3968.403825;284.2303129
0.55;4113.618789;284.4127282
0.55;4242.692966;284.5951435
0.6;148.0544439;272.6165374
0.6;158.2877084;272.981368
0.6;163.6666013;273.1637834
0.6;170.0661658;273.3157961
0.6;180.8110019;273.528614
0.6;186.5235574;273.7718344
0.6;190.9060446;273.9238472
0.6;200.7614223;274.1366651
0.6;211.4586317;274.3190804
0.6;218.6443654;274.5014957
0.6;227.7673439;274.6535085
0.6;236.1267984;274.8663264
0.6;243.5358156;275.0487417
0.6;251.7586703;275.1703519
0.6;269.8394802;275.5351825
0.6;289.8273103;275.778403
0.6;293.6594978;275.9304157
0.6;312.2130013;276.1432336
0.6;317.9742779;276.3256489
0.6;327.1253797;276.5080643
0.6;334.7762124;276.6296745
0.6;350.5451957;276.8120898
0.6;369.883551;277.0249077
0.6;384.4272375;277.2377255
0.6;402.6195457;277.480946
0.6;434.6295913;277.7241664
0.6;448.3613091;277.9673868
0.6;462.3810764;278.1193996
0.6;487.8377599;278.3018149
0.6;530.6784123;278.5754379
0.6;554.2753154;278.7578532
0.6;581.9712795;279.0010737
0.6;609.3839062;279.183489
0.6;623.8984175;279.4267094
0.6;658.3858994;279.6699298
0.6;700.2036452;279.9739554
0.6;735.191339;280.2171758
0.6;769.821099;280.3995911
0.6;868.3422158;280.9468371
0.6;902.2954595;281.0988498
0.6;938.0690734;281.4028754
0.6;1004.805598;281.5852907
0.6;1044.094727;281.7373035
0.6;1185.415391;282.2237443
0.6;1235.915654;282.3757571
0.6;1323.980835;282.588575
0.6;1414.897213;282.8317954
0.6;1455.617075;283.0142107
0.6;1524.18109;283.196626
0.6;1596.310141;283.4398465
0.6;1758.715028;283.743872
0.6;1919.605112;283.8958848
0.6;1987.132322;284.0478975
0.6;2183.325074;284.291118
0.6;2388.323889;284.4735333
0.6;2530.428686;284.6559486
0.6;2765.692035;284.8383639
0.6;2962.45012;285.0207793
0.6;3118.332152;285.2639997
0.6;3442.812203;285.446415
0.6;3725.133195;285.6288303
0.6;3919.499198;285.7504405
0.7;99.16496356;272.6773425
0.7;99.97061867;272.8293553
0.7;107.930069;273.1029783
0.7;111.2932282;273.2245885
0.7;114.7853072;273.4070038
0.7;120.2173097;273.6502242
0.7;123.9633459;273.7718344
0.7;131.5048666;274.07586
0.7;137.6991479;274.2582753
0.7;147.557413;274.5623008
0.7;156.1400293;274.8663264
0.7;163.4947021;275.0487417
0.7;169.9053987;275.231157
0.7;180.6021163;275.3831698
0.7;195.0222605;275.7175979
0.7;207.9766696;276.0824285
0.7;217.7730067;276.2648438
0.7;224.8659127;276.4168566
0.7;236.3750634;276.6296745
0.7;238.2954672;276.7816872
0.7;253.3510531;276.9945051
0.7;263.3403959;277.2377255
0.7;284.3368823;277.5417511
0.7;294.7415618;277.7241664
0.7;313.0672016;278.0281919
0.7;342.7500251;278.3322175
0.7;362.5335197;278.5146328
0.7;372.9670088;278.6970481
0.7;388.5699603;278.8794634
0.7;393.7491292;279.0618788
0.7;427.2482608;279.3355017
0.7;440.6541501;279.5179171
0.7;467.3147467;279.7307349
0.7;499.5097325;280.0347605
0.7;525.7935816;280.2779809
0.7;558.9546517;280.4603962
0.7;580.932545;280.6732141
0.7;641.7863797;281.0380447
0.7;678.9015594;281.2508626
0.7;736.4285035;281.4332779
0.7;777.6265041;281.8589137
0.7;814.1695284;282.0109265
0.7;852.6089945;282.2237443
0.7;932.2710075;282.5277699
0.7;971.2722571;282.7101852
0.7;1011.905111;282.8926005
0.7;1089.37559;283.0750158
0.7;1126.394475;283.2574311
0.7;1228.018522;283.4398465
0.7;1344.026796;283.6526643
0.7;1467.288881;283.8654822
0.7;1530.601334;284.0478975
0.7;1640.181342;284.2303129
0.7;1767.237103;284.4127282
0.7;1898.381099;284.5951435
0.7;2091.693821;284.7775588
0.7;2244.272297;284.9599741
0.7;2385.564729;285.1119869
0.7;2568.471156;285.3248048
0.7;2765.110829;285.5072201
0.7;2939.193642;285.6592329
0.7;3122.266923;285.8720508
0.7;3355.305222;286.0240635
0.7;3676.90745;286.2368814
0.7;3882.604587;286.4192967
0.7;4028.48813;286.5713095
0.8;77.80828413;272.5557323
0.8;79.04447742;272.7381476
0.8;81.93693529;272.9205629
0.8;85.3557698;273.0725757
0.8;89.39507379;273.3157961
0.8;91.49546676;273.4678089
0.8;101.8903024;273.9542498
0.8;106.9590631;274.1366651
0.8;113.4422546;274.3798855
0.8;118.1880738;274.5623008
0.8;122.512905;274.7447162
0.8;127.638192;274.9271315
0.8;137.4822666;275.2615596
0.8;147.340487;275.5959877
0.8;151.1990421;275.778403
0.8;159.1215827;275.9608183
0.8;165.7783815;276.1432336
0.8;171.8446749;276.3256489
0.8;182.8939716;276.4776617
0.8;189.3675483;276.6904796
0.8;203.908196;276.9337
0.8;211.9035229;277.1161153
0.8;217.9790667;277.2681281
0.8;223.1006208;277.4201409
0.8;244.5616514;277.7241664
0.8;257.0518612;277.9065817
0.8;266.7943276;278.088997
0.8;276.6152063;278.3322175
0.8;289.6446283;278.5146328
0.8;296.4500094;278.6666456
0.8;317.5735576;278.8794634
0.8;332.5322431;279.0618788
0.8;360.7852892;279.3050992
0.8;378.6935621;279.457112
0.8;394.6604816;279.7307349
0.8;418.4943749;279.9131503
0.8;436.0019488;280.0955656
0.8;449.6825049;280.2779809
0.8;473.245008;280.4603962
0.8;459.5231675;280.7036167
0.8;507.3391453;280.886032
0.8;551.9503578;281.1900575
0.8;595.7076542;281.3724728
0.8;611.5650681;281.6764984
0.8;653.4232565;281.8589137
0.8;705.3733132;282.1021341
0.8;744.1298872;282.2541469
0.8;775.3417879;282.4669648
0.8;822.1653597;282.6493801
0.8;855.8405833;282.8317954
0.8;904.4789107;283.0142107
0.8;965.5733219;283.196626
0.8;1042.121652;283.3790414
0.8;1116.260731;283.5614567
0.8;1218.506101;283.743872
0.8;1310.140592;283.9262873
0.8;1417.576074;284.1087026
0.8;1491.697585;284.2607154
0.8;1636.737783;284.4735333
0.8;1762.4893;284.6559486
0.8;1875.538173;284.8383639
0.8;1998.860627;285.0207793
0.8;2162.773231;285.2031946
0.8;2270.126647;285.3552073
0.8;2450.096826;285.5376227
0.8;2695.678879;285.8112456
0.8;2927.787787;285.993661
0.8;3159.895758;286.1760763
0.8;3359.18599;286.3584916
0.8;3571.04518;286.5409069
0.8;3863.881663;286.7233223
0.8;4101.963748;286.875335
0.9;64.39875996;272.5557323
0.9;65.1680303;272.7077451
0.9;68.15881086;272.9205629
0.9;72.28257677;273.1333808
0.9;75.11680726;273.3157961
0.9;77.47376852;273.4982115
0.9;80.53693359;273.7718344
0.9;84.75691484;273.9542498
0.9;88.08026943;274.1366651
0.9;92.22911943;274.3190804
0.9;96.57339296;274.5014957
0.9;99.85512558;274.683911
0.9;106.4209099;274.8663264
0.9;112.6108384;275.1703519
0.9;117.9399381;275.4135723
0.9;125.6816469;275.5655851
0.9;127.678437;275.7480004
0.9;132.3644559;275.9608183
0.9;139.2854626;276.1128311
0.9;148.2568406;276.2952464
0.9;153.5366931;276.5688694
0.9;159.5401658;276.7208821
0.9;172.2062216;276.9337
0.9;178.9396957;277.0857128
0.9;186.01463;277.3593358
0.9;201.5223554;277.5417511
0.9;207.1478246;277.8457766
0.9;227.0265662;278.088997
0.9;238.8219162;278.3930226
0.9;250.2814775;278.5754379
0.9;258.1346301;278.7578532
0.9;274.0689968;278.9402685
0.9;293.196973;279.1226839
0.9;308.5599335;279.3050992
0.9;315.8761224;279.5179171
0.9;336.6813358;279.7307349
0.9;346.4072154;279.9435528
0.9;376.7486128;280.1563707
0.9;393.046344;280.3691886
0.9;419.4630014;280.5820064
0.9;434.8123224;280.7644218
0.9;458.7511907;280.9468371
0.9;481.5727934;281.1292524
0.9;520.0238883;281.4636805
0.9;574.4370525;281.7981086
0.9;579.1040048;281.9501213
0.9;631.4174963;282.1629392
0.9;684.9208628;282.3453545
0.9;728.1178693;282.5277699
0.9;769.4975795;282.7101852
0.9;827.0178831;282.8926005
0.9;868.159735;283.0750158
0.9;936.1979739;283.2574311
0.9;998.804941;283.5006516
0.9;1147.662177;283.8046771
0.9;1242.687721;283.9566899
0.9;1319.536123;284.1695078
0.9;1428.342333;284.3519231
0.9;1566.399152;284.5343384
0.9;1660.995373;284.7167537
0.9;1768.723412;284.899169
0.9;1881.855717;285.0815844
0.9;2010.446874;285.2335971
0.9;2113.346134;285.446415
0.9;2268.457363;285.6288303
0.9;2489.807988;285.8112456
0.9;2687.193975;285.993661
0.9;2873.531997;286.1760763
0.9;3059.902154;286.3584916
0.9;3252.885928;286.5409069
0.9;3507.816698;286.7233223
0.9;3866.318654;286.9057376
0.9;4038.236607;287.0881529
1;54.99576968;272.8597578
1;57.58018744;273.0117706
1;60.30506335;273.254991
1;65.58711236;273.4678089
1;67.67349767;273.7718344
1;72.33576718;274.07586
1;77.67756995;274.2582753
1;83.21248592;274.4710932
1;83.90616959;274.683911
1;89.8754594;274.8663264
1;94.86347647;275.1703519
1;102.3732662;275.3223647
1;105.5965571;275.5351825
1;110.5820977;275.7480004
1;115.8030212;275.9608183
1;118.2377636;276.1432336
1;123.1842013;276.3256489
1;130.2943802;276.5080643
1;138.2791723;276.6904796
1;140.3580617;276.8728949
1;154.7027792;277.2985307
1;164.8749669;277.480946
1;175.3470919;277.7849715
1;186.4059892;277.9673868
1;198.1623557;278.1498022
1;201.3530103;278.3930226
1;217.8645649;278.5754379
1;232.1898359;278.7578532
1;240.7369;279.0010737
1;245.7467056;279.1226839
1;265.2846623;279.3659043
1;281.9565319;279.4875145
1;293.8138348;279.7307349
1;314.1217339;280.0955656
1;332.6370924;280.2475783
1;354.993642;280.4603962
1;370.3113608;280.6428115
1;379.5301825;280.8252269
1;422.471135;281.1900575
1;436.8274423;281.3724728
1;458.5583992;281.5548882
1;486.1489589;281.6764984
1;511.2997522;281.9197188
1;551.3706438;282.1021341
1;588.6138172;282.2845494
1;637.9536582;282.4669648
1;675.3437859;282.6493801
1;715.526607;282.8317954
1;776.8097622;283.0142107
1;833.4741021;283.196626
1;893.5203363;283.3790414
1;964.3564786;283.5614567
1;1124.265874;283.9262873
1;1161.249449;284.0478975
1;1253.573948;284.291118
1;1329.27838;284.4735333
1;1434.660372;284.6559486
1;1544.496585;284.8383639
1;1650.208687;285.0207793
1;1754.285055;285.2031946
1;1933.574532;285.3856099
1;2012.77217;285.5680252
1;2194.365792;285.7504405
1;2441.101957;285.9328559
1;2588.522249;286.1152712
1;2793.734065;286.2976865
1;2984.949445;286.4801018
1;3185.233254;286.6625171
1;3352.133383;286.8449325
1;3568.044327;287.0273478
1;3880.157331;287.2097631
1;4062.070788;287.3313733
0.763661339;3558.562112;298.4415994
0.636592072;2839.586749;294.7824215
0.975798629;3265.84028;301.2070679
0.60782704;2722.769052;293.9423374
0.719224887;3560.869701;297.6548869
0.599343515;3472.759728;295.1248222
0.763580656;3597.426605;298.5010586
0.758727619;3884.370781;298.8452031
0.867167062;3492.008947;300.0177328
0.598054901;2812.128339;293.9144239
0.881001025;3789.489257;300.6881523
0.770448974;2871.451917;297.3450349
0.916904822;3607.721688;300.942998
0.973659778;3006.127123;300.7035297
0.685227086;3112.786321;296.2638222
0.898593912;3527.180191;300.5471626
0.61650909;3210.744656;295.0558997
0.923929671;3255.411793;300.4620353
0.531174628;3721.778663;293.9344867
0.93921275;3932.155727;301.7480236
0.855164529;3752.104932;300.2369498
0.630412112;3258.18201;295.4292258
0.582652191;3598.104137;294.9528243
0.904657737;3540.376603;300.6576826
0.926073808;3208.829776;300.4107377
0.627217626;3794.909306;296.2109496
0.690647984;3123.931397;296.3872585
0.830021422;3514.895199;299.4741105
0.530748457;3258.869688;293.1902194
0.796480796;2895.860019;297.8307434
0.777832089;3303.279226;298.2655901
0.575063488;3949.058919;295.2946124
0.988140945;3268.034623;301.3784067
0.587712143;3974.41003;295.6140756
0.917363271;3232.537744;300.3271192
0.817567178;3872.787577;299.817456
0.649264117;3647.6238;296.4444224
0.719295786;2723.248662;296.1407654
0.621664202;3311.684703;295.3377295
0.907219957;3366.690815;300.4105104
0.940818183;3392.834723;300.9380477
0.706943137;3104.943952;296.6587142
0.785529578;3920.317262;299.355755
0.806220469;3083.619081;298.3488734
0.512547231;3467.732577;293.0816896
0.555210951;3482.113195;294.1429459
0.713355083;3921.208111;298.0835694
0.636402088;3872.661025;296.513567
0.947059176;2730.257458;299.7810011
0.868162401;3494.549785;300.0370622
0.931197183;3430.966998;300.8646638
0.504237919;3645.490811;293.1449887
0.934115639;3950.583859;301.7016271
0.701539612;3131.255853;296.6056735
0.770216425;3334.595422;298.1890147
0.859555915;3073.961302;299.1775446
0.727786175;3113.554471;297.0558986
0.890603586;3758.821187;300.7867279
0.801633826;2724.067682;297.5655488
0.55629996;3208.903259;293.7145636
0.520682587;3115.121047;292.6911865
0.741827953;2760.122499;296.6219697
0.591075206;2907.153521;293.9493077
0.724442607;3398.389553;297.4884412
0.505090165;3859.817817;293.4799616
0.823221995;3500.069111;299.3413732
0.619612531;3372.906866;295.3967867
0.852048915;3723.41192;300.1454169
0.570947642;3770.070688;294.9458111
0.560941245;2728.39466;292.912152
0.8149604;3677.06785;299.4849741
0.957958758;3093.381651;300.6513905
0.990161691;3308.430851;301.4757377
0.598109833;3033.978918;294.3434205
0.731493491;3325.989016;297.4948994
0.769281917;3145.831471;297.8437989
0.847333946;3614.141917;299.9044492
0.741597858;3492.536758;297.9499312
0.895980873;3465.647699;300.4089705
0.862792215;3030.120288;299.1453214
0.754519952;3941.984048;298.8535566
0.683315789;3409.733086;296.7390317
0.875863612;3592.1006;300.3095999
0.799192097;3815.159723;299.43247
0.991360618;3704.486962;302.1338202
0.550887115;3872.349133;294.6265928
0.954179057;3138.482647;300.681635
0.70304385;3135.945369;296.6422187
0.518256888;2792.415904;292.0189829
0.635016306;3730.724425;296.2784878
0.74789061;2775.955656;296.7614689
0.571669611;3865.741695;295.1001904
0.625071667;2837.66587;294.5405642
0.603272921;3858.724286;295.7933697
0.57467736;3045.804429;293.8453583
0.972220853;3070.258418;300.8049804
0.526757746;2719.166577;292.0795745
0.617923859;3438.599584;295.4686148
0.717269302;2876.697627;296.4162308
0.80468869;3061.515521;298.2828819
0.548583094;3557.398769;294.1049908
0.82173243;2725.204465;297.8940522
0.57726733;3868.084058;295.2307394
0.67411455;3536.688395;296.7653113
0.928614255;3006.764486;300.075369
0.543436263;2871.205278;292.7889036
0.926933016;3579.545057;301.0435389
0.535880576;3354.903365;293.4762404
0.997818787;2948.620525;300.9185659
0.738869268;2789.803546;296.6306247
0.88769716;2747.199864;298.9595569
0.849226434;2730.462097;298.339109
0.897085751;2963.403636;299.5340739
0.556894214;3548.602358;294.2869784
0.910704647;2797.966754;299.4036615
0.645996721;2795.086296;294.8841435
0.645289291;3936.618835;296.7859643
0.998117087;3063.810025;301.1428773
0.708117044;2900.35509;296.2944377
0.988629623;3909.749103;302.4010526
0.8628554;3269.937089;299.5797821
0.903170838;3711.187841;300.9014759
0.52362148;3888.757661;293.9889699
0.919956592;3892.14541;301.4143005
0.904313809;3964.655088;301.2891539
0.507887546;3661.323651;293.2623205
0.591667867;2977.632836;294.0971495
0.532370603;3409.346808;293.4801089
0.611522505;3304.51442;295.1108365
0.670121369;2788.159385;295.3486548
0.588420981;3349.492987;294.6839038
0.698245711;3418.531445;297.037293
0.555189629;3927.332727;294.8053459
0.631107043;3218.646344;295.375254
0.655443821;3525.78805;296.3796543
0.905330927;3116.521846;299.9434653
0.564683968;2910.714033;293.3628966
0.550781199;3314.898663;293.7658613
0.556274249;3040.044065;293.4120373
0.961715056;2990.270893;300.5090307
0.773662649;2739.747438;297.131343
0.988856196;3932.142928;302.4362473
0.589398198;3350.580886;294.7073416
0.654510797;3856.936071;296.8592795
0.782147332;3909.77578;299.2836326
0.753501605;3602.496497;298.3335513
0.51738335;3152.111173;292.6746072
0.57860951;3316.49649;294.4097127
0.886099087;3283.014325;299.9548913
0.926138161;3799.529298;301.3682993
0.643658514;3437.104362;295.9999326
0.532913284;2881.812245;292.5564749
0.604462991;3437.947183;295.1798537
0.811716604;3069.075869;298.4116625
0.668735992;3110.454314;295.9405385
0.712105947;3788.02835;297.8686159
0.932842225;3404.470497;300.844172
0.742148615;2735.587015;296.5765971
0.92750958;3411.1828;300.7790673
0.8446261;3529.24689;299.7282089
0.740305813;2809.397043;296.696053
0.921540428;3119.582386;300.1846039
0.584208561;3751.032666;295.2175902
0.799262842;3046.397367;298.1654846
0.594853048;3794.775833;295.517435
0.702437236;2851.522538;296.092442
0.626607142;3633.850312;295.9580597
0.658135297;3550.401593;296.4721345
0.876565848;3854.643099;300.7166194
0.619585436;3446.026482;295.5157255
0.821640879;3201.002837;298.8112005
0.939354404;3482.996502;301.0660862
0.972354047;3201.178344;301.0457901
0.685175817;3955.225758;297.6004377
0.792313315;3897.880192;299.4376523
0.719146766;2987.818094;296.6657167
0.582078051;3868.659924;295.3399529
0.882805204;2954.840708;299.3049756
0.860541812;3611.126633;300.105002
0.931983521;3958.138551;301.6818464
0.930653422;2843.463143;299.7836908
0.581358704;2793.022984;293.5080637
0.920832643;2732.710577;299.4140363
0.792180466;2823.884839;297.6156121
0.741209397;2749.592152;296.5891801
0.63990973;3666.048549;296.2821498
0.843176821;3649.621403;299.8941187
0.710852552;3057.632453;296.6442953
0.875258503;2843.292657;298.9707127
0.759170166;3579.651764;298.3968481
0.888368679;3141.026298;299.7372932
0.527814387;3532.235858;293.564201
0.675000189;3383.891368;296.5358001
0.703411702;3300.809956;296.9375493
0.564931821;3536.544182;294.4547347
0.594901906;3047.785348;294.2989017
0.606004238;2729.3445;293.9169655
0.923781325;3924.512317;301.5160798
0.706942193;2921.001995;296.312949
0.658897335;3739.724109;296.7760453
0.750409609;2724.935983;296.6995234
0.917979781;3193.015675;300.2659565
0.508461456;2771.8834;291.7311711
0.930081768;3925.376524;301.6079795
0.742648248;3585.3525;298.1154758
0.608212817;3157.390871;294.7853201
0.982653513;3298.849663;301.357718
0.836567234;3641.864189;299.777794
0.607209538;3270.47494;294.9606455
0.974606977;3424.159998;301.4603381
0.677131242;3178.590694;296.225911
0.982382609;2906.247982;300.627777
0.772546127;2787.418594;297.2111027
0.755651367;3320.116355;297.9128044
0.717836831;2910.07808;296.4921765
0.609762746;2855.456718;294.2530075
0.994200185;3927.319498;302.50145
0.750037593;3876.268464;298.6813576
0.807508787;3003.572634;298.2202864
0.907312349;2746.748508;299.247765
0.557365179;3073.444395;293.4986077
0.799665084;3342.331865;298.6973966
0.596277717;3415.035556;294.9647152
0.737837465;2826.735034;296.6873152
0.860287459;3179.94901;299.3818043
0.703157277;2917.966077;296.2366966
0.826267018;3942.899502;300.0580221
0.645563224;3434.692936;296.0347061
0.578563257;2893.465827;293.6446923
0.753074882;2832.964705;296.9682488
0.773005069;3241.340575;298.0766065
0.629642993;2796.93534;294.5536313
0.755750774;2814.21577;296.9769399
0.98767028;3246.570076;301.334432
0.692371705;3920.323231;297.6889285
0.738094699;3100.185145;297.216412
0.875778893;3207.112355;299.6666164
0.61205686;3250.648829;295.0304142
0.942110701;3251.538037;300.7143432
0.568091562;3475.398843;294.4307902
0.712150585;3835.151314;297.9381439
0.983486934;3965.110351;302.4103534
0.796949792;3471.986474;298.8669252
0.938421357;3009.999914;300.2210081
0.65561411;3834.509327;296.8491313
0.848038888;3644.238987;299.9621049
0.94452952;3740.130639;301.5417927
0.839832776;3354.896718;299.3668385
0.842690753;3884.582529;300.2361123
0.547132045;3417.318725;293.8483056
0.697926198;3349.137792;296.9163273
0.710636009;2729.157942;295.9945254
0.83602296;3622.609556;299.7393827
0.710958398;3285.230862;297.0511463
0.705445307;2774.50107;295.9925323
0.738654492;3632.03411;298.1166977
0.966765372;3362.190985;301.2488047
0.629997647;3299.71906;295.4914972
0.50291219;3539.957036;292.9493415
0.575298719;3584.916544;294.76686
0.727963033;3941.937755;298.3802146
0.857002653;3293.133481;299.5296904
0.941134792;3428.150902;301.0013052
0.690073177;3286.325706;296.6615148
0.796404642;2903.577968;297.8446793
0.90994396;3297.152358;300.3318354
0.518236521;2889.249555;292.2097567
0.771851074;2812.050517;297.2495739
0.737067294;3124.868819;297.2429618
0.870009422;3950.638923;300.754426
0.922448083;3350.215018;300.603926
0.584091591;3395.137619;294.6629556
0.935232344;3797.674007;301.4958359
0.800073236;3692.308791;299.2640183
0.711473614;2742.846194;296.0385049
0.74421746;2857.472158;296.8619834
0.901963598;3932.755834;301.2092403
0.883158382;3340.948488;300.0100382
0.503226824;3635.292161;293.1035766
0.792203358;3731.595817;299.1924146
0.555167162;3550.97888;294.2502507
0.648803812;2775.552592;294.9008956
0.985412826;3571.697246;301.8468554
0.884839168;3953.246178;300.9830459
0.867381908;3210.05622;299.5441574
0.947168387;3246.14754;300.77611
0.618481445;3979.126544;296.2886037
0.962160552;3653.250499;301.6558874
0.80082864;2997.410423;298.0990354
0.842006812;3296.689287;299.3020144
0.935681167;3553.149612;301.1267961
0.924655575;3318.157657;300.5810761
0.929898447;2972.68558;300.0283508
0.73014973;3256.195255;297.3513269
0.716624272;2720.229451;296.0856922
0.603219735;3676.513158;295.5251288
0.590830217;3655.433872;295.2221908
0.645803777;3980.397217;296.8574348
0.581620925;3436.021918;294.6742188
0.751243813;3166.202568;297.5678776
0.614165531;2937.479944;294.5065143
0.565739615;3461.642009;294.3547838
0.706941494;3858.691494;297.8753792
0.552357368;3838.010265;294.6124293
0.683161977;2714.88995;295.4488843
0.643057067;3968.981373;296.7856387
0.924943523;3487.056487;300.8668735
0.766091083;3638.656203;298.6081942
0.718545939;3097.868232;296.8595113
0.683243908;3340.589726;296.6229031
0.592969943;3729.66158;295.3804903
0.922546906;3103.666672;300.1698741
0.755726542;3359.906201;297.9811971
0.62740411;3478.37365;295.731715
0.787086826;2712.359938;297.2998994
0.836947871;2954.572377;298.5990918
0.889820849;3946.431635;301.0481433
0.670923267;3736.945562;297.0094431
0.500050863;3273.885165;292.4440633
0.571347192;3541.121682;294.6090029
0.68131699;2785.445449;295.5596475
0.832482449;2782.728828;298.1853562
0.501459409;3405.737826;292.6987883
0.882400249;3754.579695;300.6572974
0.808923303;3469.567972;299.0602014
0.979296889;3278.305299;301.2764838
0.562512044;3313.87047;294.038108
0.700228096;2754.971319;295.8551056
0.722811262;3656.294115;297.868079
0.750968459;3696.299456;298.4327941
0.537056912;2771.047988;292.4363585
0.609999662;3968.044115;296.0923468
0.825320045;3006.491489;298.5137528
0.881322363;3592.939004;300.3934568
0.865154899;3327.969054;299.7148003
0.536608802;3987.977258;294.445642
0.688157288;2838.572653;295.7977154
0.62527042;2781.540657;294.431577
0.991092491;2797.551562;300.5251358
0.871242078;2724.837409;298.6651632
0.96758951;2840.416957;300.2940464
0.596731472;3527.823547;295.1551435
0.898727109;3685.074097;300.7960956
0.938834774;2878.651319;299.9705807
0.924795508;3152.727849;300.2917776
0.955045453;3640.256805;301.5367382
0.79160137;3261.925517;298.4259961
0.773322466;3580.058071;298.641366
0.952001849;3856.947679;301.8200785
0.904887113;3674.696045;300.871108
0.50812065;2900.279172;291.9764068
0.690801616;2999.223675;296.1600686
0.998706346;3962.322466;302.611879
0.698077593;3926.426982;297.8056345
0.535566019;3807.515484;294.1666501
0.860192146;3409.905444;299.776193
0.916099113;3461.765258;300.6978282
0.91556896;3453.039281;300.6758363
0.641451274;3215.831932;295.5828333
0.628868195;3167.197821;295.2384993
0.553929526;2811.968243;292.9193718
0.794335607;3445.425046;298.7802774
0.518533819;3259.99059;292.8903408
0.552130947;2833.872043;292.9209204
0.522666431;3213.686088;292.9137477
0.526787967;3061.785654;292.7458348
0.822771274;3277.337386;298.9629066
0.71182214;3633.721802;297.6317661
0.547846021;3122.00431;293.362616
0.611931058;3866.656691;295.9911913
0.690504593;2741.079677;295.6433647
0.665364809;3835.450438;297.0443965
0.872327169;3896.564954;300.7127222
0.542402378;3495.258521;293.8602715
0.65368916;3373.590564;296.0982706
0.908184515;2871.268389;299.5157464
0.613172825;3679.814625;295.744097
0.850341836;2915.328599;298.7323733
0.817566741;3123.416961;298.6062485
0.542601848;3422.183857;293.7481388
0.805557256;2853.88477;297.8965951
0.731023202;3458.389893;297.70565
0.751463273;3392.439615;297.9608418
0.803018778;2913.732523;297.9735933
0.598960579;3378.464847;294.9633688
0.711684022;3458.999827;297.3537941
0.629788352;2853.137624;294.6692896
0.894541592;3494.375979;300.4342869
0.790241585;2869.076702;297.6741036
0.9350244;2865.504671;299.8902852
0.998377383;3268.85345;301.5172535
0.838517662;3690.637173;299.8833685
0.833948629;3152.712202;298.9214631
0.711198119;3097.484681;296.7238772
0.57495393;2729.271096;293.2338182
0.828407863;3096.636955;298.7313224
0.984248925;3130.409078;301.0798264
0.527921308;3040.844945;292.7353491
0.512322323;3231.604085;292.6857382
0.510992148;3083.384617;292.3910574
0.667336186;3861.36654;297.1205562
0.939487782;3252.686106;300.6792735
0.837610595;2853.020693;298.4094406
0.883004146;3485.143525;300.2468807
0.817683097;3332.765594;298.9757324
0.928033863;3955.92535;301.6220456
0.607232183;3590.724653;295.4810214
0.843607065;3024.781485;298.8378669
0.941970597;3631.640428;301.3395545
0.682721684;3943.246173;297.5364308
0.689704714;3643.890382;297.2320783
0.569034986;3036.23623;293.6995139
0.666232798;3024.69182;295.733807
0.664914837;2836.447837;295.3442715
0.777303944;3374.396978;298.3767255
0.957476787;3452.176017;301.2702363
0.99283261;3985.968632;302.5663768
0.893609418;3438.21008;300.3287859
0.517027489;3737.656981;293.6070936
0.805109365;2732.976052;297.6412374
0.572309086;2958.724906;293.6289513
0.67541778;3832.614077;297.2373924
0.759674315;3914.072981;298.9040613
0.554979992;3815.426703;294.6417378
0.568630799;2873.789804;293.3814661
0.596485496;3029.389798;294.2995154
0.741082044;3552.854244;298.0366837
0.561868575;3872.029442;294.8834765
0.863069856;3956.788272;300.6566007
0.562905695;3573.173382;294.4649262
0.925015726;3744.753328;301.2704326
0.545315356;3354.647941;293.7024626
0.785919217;3216.97865;298.2524617
0.744981952;3684.444078;298.3092286
0.714274397;3046.93896;296.6874897
0.69673694;3802.155984;297.6019586
0.841748629;3933.577997;300.2912843
0.959249835;3681.463277;301.6589144
0.721287619;3027.409178;296.7793273
0.95020661;3655.590326;301.4927386
0.866831704;2913.615045;298.9828979
0.890528319;3908.644005;301.0048585
0.545205646;2938.2843;292.9606412
0.959694217;2883.194791;300.2713792
0.73031123;3568.087164;297.8676744
0.616889012;3825.658026;296.0380398
0.55703181;3426.4248;294.0962264
0.56750305;2907.069769;293.4204788
0.800047513;3892.165198;299.5581604
0.568414219;3184.755714;293.9524217
0.832410557;2863.185226;298.347621
0.735132571;3143.169516;297.2414175
0.894044287;3924.577449;301.0801119
0.993393546;3151.841415;301.242093
0.622230083;3182.070672;295.1262149
0.792123397;3178.22659;298.2875879
0.79716906;3708.066494;299.2397254
0.857951091;3395.771005;299.718119
0.892291712;3705.69484;300.731895
0.95525715;3671.691864;301.5882609
0.986027156;3140.99835;301.123205
0.824169112;3175.581034;298.8065702
0.912534713;3873.077039;301.2787726
0.636466848;2889.62879;294.8787067
0.703604519;3920.478085;297.9011317
0.668551741;3454.985505;296.5261441
0.88728008;2763.205146;298.9868064
0.581442376;3278.069494;294.4083867
0.505631952;3400.404037;292.7974318
0.663953899;2978.501332;295.6020815
0.507163794;3732.302605;293.3491871
0.831979683;3919.746417;300.1166095
0.511128704;3931.299881;293.7345893
0.605748524;3563.030046;295.406114
0.597611555;2879.766058;294.038968
0.693605458;3109.860727;296.417817
0.724071509;3475.793507;297.6079816
0.68670804;3677.380829;297.2257589
0.558231404;3814.004366;294.7158281
0.768230189;3700.032553;298.7385732
0.85627026;3319.784166;299.5640381
0.50785398;3508.239188;293.0264927
0.798728;3018.318335;298.1039767
0.927260567;2795.099173;299.636435
0.673922773;3667.783008;296.9642528
0.590968898;3231.151374;294.539629
0.779948707;3293.37755;298.2844989
0.998881051;2870.871295;300.7786763
0.890420685;3076.862228;299.6501386
0.588991878;3549.609229;295.0188848
0.718334424;3448.639704;297.4593468
0.758493943;2836.547703;297.069661
0.716081685;3787.089461;297.9406006
0.7023726;2972.066437;296.3262338
0.887523304;3536.984981;300.3980836
0.958187091;3491.055624;301.3436485
0.900793055;2828.323136;299.3208726
0.747599198;3192.576223;297.5507478
0.802156598;3579.330481;299.1241865
0.765261972;3938.778655;299.035961
